jahr;name;beschreibung;zahl;mh;daten;land;lat;lon;fehler;url;bild1;bild2;bild3;Strasse ;PLZ ;Ort;Anlagentyp
1986;Min Nis;Schwimmbadtechnik;2350;m³/h ;2350 m³/h ;EGY;31.236382;29.972832;;;;;;;;;
1987;Attersee ;HB / FB;280;m³/h;280 m³/h;AT;47.91667;13.54139;;;;;;;;;
1987;Edlach ;FB;251;m³/h;251 m³/h;AT;47.69143;15.80903;;;;;;;;;
1987;Schafbergbad;FB Außenverrohrung;;; ;AT;48.233;16.3;;;;;;;;;
1987;Oberlaa ;FB / HB autom.;140;m³/h;140 m³/h;AT;48.133;16.4;;;;;;;;;
1987;Perg ;HB;40;m³/h;40 m³/h;AT;48.25028;14.63361;;;;;;;;;
1987;Pensionistenheim Wien 23 ;HB autom.;35;m³/h;35 m³/h;AT;48.148692;16.299637;;;;;;;;;
1987;Südstadt Bundessportzentrum ;HB autom.;420;m³/h;420 m³/h;AT;48.09183;16.3065;;;;;;;;;
1988;Kongreßbad ;FB  ;960;m³/h;960 m³/h;AT;48.22197;16.31165;;;;;;;;;
1988;Baden ;HB  ;200;m³/h;200 m³/h;AT;48.0075;16.23444;;;;;;;;;
1988;Reichenau ;FB  ;254;m³/h;254 m³/h;AT;47.7;15.833;;;;;;;;;
1988;LMF Sarvar H ;HB   ;5;m³/h;5 m³/h;HU;47.25415;16.93545;;;;;;;;;
1988;Hietzing  ;HB   ;30;m³/h;30 m³/h;AT;48.1755;16.25483;;;;;;;;;
1989;Hartlgasse  ;FB Dachterrasse   ;80;m³/h;80 m³/h;AT;48.23382;16.37343;;;;;;;;;
1989;Puchberg ;FB   ;250;m³/h;250 m³/h;AT;47.78333;15.9;;;;;;;;;
1989;Stadt des Kindes;HB   ;210;m³/h;210 m³/h;AT;48.20674;16.2136;;;;;;;;;
1989;Hadikgasse ;FB Dachterrasse;74;m³/h;74 m³/h;AT;48.18832;16.30358;;;;;;;;;
1989;Wien - Süd ;FB ;133;m³/h;133 m³/h;AT;48.1866;16.3801;;;;;;;;;
1989;Wr. Neustadt ;HB  ;240;m³/h;240 m³/h;AT;47.8;16.25;;;;;;;;;
1989;Pratersauna ;HB Saunabecken 70 m³/h, Freibad 45 m³/h;70;m³/h;70 m³/h;AT;48.21331;16.40481;;;;;;;;;
1990;Mattersburg ;FB Kinderbecken  ;75;m³/h;75 m³/h;AT;47.73806;16.39694;;;;;;;;;
1990;Schwechat ;FB Kinderbecken  ;70;m³/h;70 m³/h;AT;48.1333;16.4667;;;;;;;;;
1990;Pasching ;FB   ;362;m³/h;362 m³/h;AT;48.25931;14.20369;;;;;;;;;
1991;Stadionbad ;FB Baustufe 1  ;2100;m³/h;2100 m³/h;AT;48.20361;16.42289;;;;;;;;;
1991;Haus / Ennstal ;FB   ;310;m³/h;310 m³/h;AT;47.4075;13.76694;;;;;;;;;
1991;Hardegg ;FB   ;200;m³/h;200 m³/h;AT;48.85;15.867;;;;;;;;;
1991;RSKA Baden ;HB   ;125;m³/h;125 m³/h;AT;48.0082;16.2316;;;;;;;;;
1991;Hotel Scharfegger / Prein;HB     ;10;m³/h;10 m³/h;AT;47.67589;15.74909;;;;;;;;;
1992;Stadionbad;FB Baustufe 2;1020;m³/h;1020 m³/h;AT;48.20361;16.42289;;;;;;;;;
1992;Absdorf ;FB;445;m³/h;445 m³/h;AT;48.40028;15.98;;;;;;;;;
1992;Pöllau ;FB;355;m³/h;355 m³/h;AT;47.30194;15.83389;;;;;;;;;
1992;Güssing;FB;520;m³/h;520 m³/h;AT;47.067;16.317;;;;;;;;;
1992;Leobersdorf ;FB;554;m³/h;554 m³/h;AT;47.917;16.217;;;;;;;;;
1992;Kottes ;FB;78;m³/h;78 m³/h;AT;48.417;15.3;;;;;;;;;
1992;SMZ – Ost;HB Therapiebecken;60;m³/h;60 m³/h;AT;48.21811;16.46438;;;;;;;;;
1992;Kanitzgasse MA;HB;33;m³/h;33 m³/h;AT;48.15218;16.26988;;;;;;;;;
1992;Stadthalle KIBA ;HB;33;m³/h;33 m³/h;AT;47.812939;16.245708;;;;;;;;;
1992;Krems ;FB / HB;900;m³/h;900 m³/h;AT;48.41;15.61;;;;;;;;;
1993;Oberlaa;HB / FB Chlorgasanlage;;m³/h; m³/h;AT;48.133;16.4;;;;;;;;;
1993;Mistelbach;FB ;738;m³/h;738 m³/h;AT;48.5706;16.5764;;;;;;;;;
1993;St. Pölten ;FB Kinderbecken;;; ;AT;47.80445;16.37109;;;;;;;;;
1993;Pöttsching;FB;;; ;AT;48.2;15.6333;;;;;;;;;
1993;Neufeld ;FB Kinderbecken;35;m³/h;35 m³/h;AT;48.2;15.9;;;;;;;;;
1993;Bautzen ;HB;80;m³/h;80 m³/h;DE;51.18;14.42;;;;;;;;;
1994;Gewerkschaftsh. Seewalchen;HB;35;m³/h;35 m³/h;AT;47.9331;13.5653;;;;;;;;;
1994;Ökohaus;FB  ;133;m³/h;133 m³/h;AT;48.21334524619944;16.419457764817600;;;;;;;;;WHA
1994;Neutal ;FB;277;m³/h;277 m³/h;AT;47.65;12.2;;;;;;;;;
1994;Dorfhain;FB;955;m³/h;955 m³/h;DE;47.4167;9.75;;;;;;;;;
1994;Steinigtwolmsdorf ;FB;685;m³/h;685 m³/h;DE;51.068128;14.349434;;;;;;;;;
1994;Seif - Hennersdorf;FB;488;m³/h;488 m³/h;DE;47.3303;11.1875;;;;;;;;;
1994;Pritzwalk;FB;385;m³/h;385 m³/h;DE;53.167814501303766;12.196074482303233;;;;;;;;;
1994;Ulmersfeld – Hausmening;HB Sauna;2100;m³/h;2100 m³/h;AT;46.61;13.85;;;;;;;;;
1994;Barmherz. Br. Strebersdorf;HB;360;m³/h;360 m³/h;AT;48.1225;14.8725;;;;;;;;;
1994;Südstadt;HB autom. Aufwärmbecken;;; ;AT;48.099243408236454;16.311204209019216;;;;;;;;;
1995;Herderpark;FB;392;m³/h;392 m³/h;AT;48.17308529571382;16.409989138832007;;;;;;;;;
1995;Kelbra;FB Zielbecken;485;m³/h;485 m³/h;DE;51.4328;11.1022;;;;;;;;;
1995;Klosterneuburg;FB;370;m³/h;370 m³/h;AT;48.3053;16.3252;;;;;;;;;
1995;Einsiedlerbad ;HB Sauna;23;m³/h;23 m³/h;AT;48.181;16.336;;;;;;;;;
1995;Strehla;FB;485;m³/h;485 m³/h;DE;51.3143;13.2201;;;;;;;;;
1996;Ottakringbad;HB Sauna;23;m³/h;23 m³/h;AT;48.224;16.289;;;;;;;;;
1996;Augartenbad;FB;369;m³/h;369 m³/h;AT;47.0689;15.4511;;;;;;;;;
1996;Waidhofen / Thaya;FB Kinderbecken;40;m³/h;40 m³/h;AT;48.8078;15.2847;;;;;;;;;
1996;Strandbad Baden;FB;869;m³/h;869 m³/h;AT;48.0043;16.2339;;;;;;;;;
1996;Oberlaa ;HB Sprudelbecken;80;m³/h;80 m³/h;AT;48.133;16.4;;;;;;;;;
1996;Gars / Kamp;FB;507;m³/h;507 m³/h;AT;48.5803;15.68;;;;;;;;;
1996;LJH Pottenstein;FB;100;m³/h;100 m³/h;AT;47.8711;15.805;;;;;;;;;
1996;Wien Süd - Wiener Flur;HB;50;m³/h;50 m³/h;AT;48.1866;16.3801;;;;;;;;;
1996;Stadt Haag;FB;520;m³/h;520 m³/h;AT;48.11;14.567;;;;;;;;;
1996;Bruck / Leitha;FB;365;m³/h;365 m³/h;AT;48.0221;16.7826;;;;;;;;;
1996;Neunkirchen;HB;210;m³/h;210 m³/h;AT;47.7225;16.0783;;;;;;;;;
1997;Mödling;HB;350;m³/h;350 m³/h;AT;48.0842;16.2852;;;;;;;;;
1997;Oberpullendorf;FB;350;m³/h;350 m³/h;AT;47.5094;16.5117;;;;;;;;;
1997;Gruber Attersee;FB;150;m³/h;150 m³/h;AT;47.9167;13.5414;;;;;;;;;
1997;St. Ruprecht;FB;268;m³/h;268 m³/h;AT;47.1678;15.7082;;;;;;;;;
1997;Stadthallenbad;HB Saunabecken, Damen / Herren;2 x 21;m³/h;2 x 21 m³/h;AT;48.2127;16.3449;;;;;;;;;
1997;Knittelfeld;HB Schwimmer-, Ziel- u. Kinderbecken;198;m³/h;198 m³/h;AT;47.2167;14.8167;;;;;;;;;
1997;Kurmittelhaus Baden;HB Schwefelbecken, Damen / Herren;141;m³/h;141 m³/h;AT;48.008;16.231;;;;;;;;;
1997;Hieflau;FB Erlebnis- u. Kinderbecken;158;m³/h;158 m³/h;AT;47.5918;14.6107;;;;;;;;;
1998;Penzing;FB / HB;768;m³/h;768 m³/h;AT;48.2;16.3;;;;;;;;;
1998;Freizeitzentrum Güssing;FB;40;m³/h;40 m³/h;AT;47.0726;16.3234;;;;;;;;;
1998;Bad Waltersdorf;FB;193;m³/h;193 m³/h;AT;47.0656;16.0333;;;;;;;;;
1998;Dr. Klade Wien;HB;40;m³/h;40 m³/h;AT;48.2078953212661;16.370357468523075;;;;;;Spiegelgasse 2;1010;Wien;Privatkunde
1998;Puch bei Weiz;FB Erlebnis- u. Kinderbecken ;148;m³/h;148 m³/h;AT;47.2423;15.6426;;;;;;;;;
1998;Randegg;FB Mehrzweck- u. Kinderbecken;210;m³/h;210 m³/h;AT;47.9859;14.9042;;;;;;;;;
1998;Kongreßbad;FB Kinderbecken;310;m³/h;310 m³/h;AT;48.222;16.3117;;;;;;;;;
1999;Römertherme Baden;HB;787;m³/h;787 m³/h;AT;48.0061;16.2319;;;;;;;;;
1999;Bundesblindeninst. Wien;HB;180;m³/h;180 m³/h;AT;48.2406;16.3648;;;;;;;;;
1999;Voitsberg;FB;560;m³/h;560 m³/h;AT;47.0408;15.15;;;;;;;;;
1999;Schrems;HB;55;m³/h;55 m³/h;AT;48.8465;15.0769;;;;;;;;;
1999;Floridsdorf;HB;57;m³/h;57 m³/h;AT;48.27;16.4;;;;;;;;;
1999;Gänsehäufl;FB Solaranlage;;; ;AT;48.1965;16.4324;;;;;;;;;
1999;Spitz / Donau;FB Erlebnis- u. Kinderbecken;236;m³/h;236 m³/h;AT;48.3683;15.4207;;;;;;;;;
1999;Mödling;FB Erlebnis- u. Kinderbecken ;328;m³/h;328 m³/h;AT;48.0842;16.2852;;;;;;;;;
1999;Neunkirchen;FB Kinderbecken ;90;m³/h;90 m³/h;AT;47.7225;16.0783;;;;;;;;;
1999;Gaming;FB Kinderbecken;50;m³/h;50 m³/h;AT;47.8656;15.0791;;;;;;;;;
1999;Klein St. Paul;FB Rutschenzielbecken;60;m³/h;60 m³/h;AT;46.886;14.556;;;;;;;;;
1999;Biedermannsdorf;HB Saunatauchbecken / Frischwasserzusatz;;m³/h; m³/h;AT;48.0916;16.3676;;;;;;;;;
1999;Hotel Marienhof / Reichenau;HB Schwimmerbecken  ;56;m³/h;56 m³/h;AT;47.71;15.829;;;;;;;;;
2000;EWB Penzing;HB Aufbereitung Attraktionen Einbau von Attraktionen   ;150;m³/h;150 m³/h;AT;48.210893;16.004153;;;;;;;;;
2000;Krankenhaus Krems;HB Therapiebecken  ;34;m³/h;34 m³/h;AT;48.410292;15.597368;;;;;;;;;
2000;Schule Himberg;HB Schwimmerbecken  ;23;m³/h;23 m³/h;AT;48.080454;16.436977;;;;;;;;;
2000;Kaiserhof Bad Gastein;HB;165;m³/h;165 m³/h;AT;47.114495;13.135265;;;;;;;;;
2000;Amstetten;HB / FB;900;m³/h;900 m³/h;AT;48.120326;14.875242;;;;;;;;;
2000;Eichgraben;FB;380;m³/h;380 m³/h;AT;48.1729161;15.9850708;;;;;;;;;
2000;Jennersdorf;FB;1100;m³/h;1100 m³/h;AT;46.9371733;16.1412906;;;;;;;;;
2000;Arosa;HB;100;m³/h;100 m³/h;AT;46.7797248;9.6781356;;;;;;;;;
2000;Großfeldsiedlung;HB;14;m³/h;14 m³/h;AT;48.2710952;16.4478821;;;;;;;;;
2000;Sauna Leobersdorf;Tauchbecken ;23;m³/h;23 m³/h;AT;47.9285336;16.216666;;;;;;;;;
2000;Holmes Place, Office Center;HB;158;m³/h;158 m³/h;AT;48.2135381;16.3675553;;;;;;;;;
2000;Mistelbach;FB Sportbecken;165;m³/h;165 m³/h;AT;48.5694535;16.5720327;;;;;;;;;
2000;Ybbsitz ;FB Mehrzweck- u. Kinderbecken;419;m³/h;419 m³/h;AT;47.9479529;14.8952028;;;;;;;;;
2000;Purkersdorf;FB Sport-,Sprung-, Erlebnis- u. Kinderbecken;520;m³/h;520 m³/h;AT;48.2076724;16.1772068;;;;;;;;;
2000;Öst. Nationalbank;FB Mehrzweck- u. Kinderbecken;320;m³/h;320 m³/h;AT;48.21790313720703;16.35576057434082;;;;;;;;;
2000;Parkbad Seebenstein;FB Schwimmbecken;50;m³/h;50 m³/h;AT;47.701820373535156;16.147415161132812;;;;;;;;;
2000;Berg im Drautal;FB;175/196;m³/h;175/196 m³/h;AT;46.7448342;13.1294542;;;;;;;;;
2000;Donawitz Werksbad;HB;290;m³/h;290 m³/h;AT;47.3752711;15.0719828;;;;;;;;;
2000;Ajdovcina;Therapiebecken mit Ozon;100;m³/h;100 m³/h;SLO;45.885644;13.907360;;;;;;;;;
2000;Riegersburg Badesee;Wasserfläche 1,5 ha;150;m³/h;150 m³/h;AT;47.0008318;15.9359762;;;;;;;;;
2000;Ehrwald ;HB;331;m³/h;331 m³/h;AT;47.3986534;10.9205046;;;;;;;;;
2000;Kötschach – Mauthen;HB, FB;207, 212;m³/h;207, 212 m³/h;AT;46.6784661;13.004364;;;;;;;;;
2000;Rehab - Zentrum Tobelbad;HB Schwimmbadtechnik – Sanierung;;; ;AT;46.9808952;15.3658501;;;;;;;;;
2000;Eisenerz;FB Sanierung;150;m³/h;150 m³/h;AT;47.5420788;14.8857099;;;;;;;;;
2000;Parktherme Bad Radkersburg;Kinderbecken Erweiterung;24;m³/h;24 m³/h;AT;46.6880556;15.9880546;;;;;;;;;
2000;UKH Graz;HB Schwimmbadteich Sanierung;70;m³/h;70 m³/h;AT;47.0787907;15.3972823;;;;;;;;;
2000;"Hotel ""Der Steirerhof“, Bad Waltersdorf";HB;140;m³/h;140 m³/h;AT;47.168506;16.0088882;;;;;;;;;
2000;Karlsbad Therme 2;Thermalwasseraufbereitung;;; ;AT;50.2306216;12.8701437;;;;;;;;;
2000;Merkur - Privatklinik Graz;Therapiebecken;24;m³/h;24 m³/h;AT;47.08389206108212;15.442020588012578;;;;;;;;;
2000;Lendava;Therme 150;;; ;SLO;46.5639639;16.4526468;;;;;;;;;
2000;Warmbaderhof Warmbad Villach;FB Sanierung;115;m³/h;115 m³/h;AT;46.5885521;13.825993;;;;;;;;;
2000;Warmbaderhof Warmbad Meerwasserbrandungsbad;HB Sanierung;46;m³/h;46 m³/h;AT;53.86878;8.698286;;;;;;;;;
2000;Cuxhaven;FB;1670;m³/h;1670 m³/h;DE;47.5642319;13.3460333;;;;;;;;;
2000;Abtenau;FB Erlebnis-, Sport- u. Kinderbecken  ;650;m³/h;650 m³/h;AT;48.2288254;16.3305212;;;;;;;;;
2000;Hans Radel Schule;FB Therapiebecken  ;45;m³/h;45 m³/h;AT;47.8298068;13.0252286;;;;;;;;;
2001;Stadt Salzburg Magistrat;Schwimmbadtechnik- Aufbereitung;690/320;m³/h;690/320 m³/h;AT;47.8735531;16.3873762;;;;;;;;;
2001;Neufelder See;Beregnungsanlage;;; ;AT;48.0076713;16.2343693;;;;;;;;;
2001;RSKA Baden;Therapiebad;120;m³/h;120 m³/h;AT;47.0499925;16.0816815;;;;;;;;;
2001;Fürstenfeld;FB;35;m³/h;35 m³/h;AT;48.2199827;16.3478824;;;;;;;;;
2001;RSKA Baden;Therapiebad;120;m³/h;120 m³/h;AT;48.0076713;16.2343693;;;;;;;;;
2001;AKH;HB;50;m³/h;50 m³/h;AT;46.9930883;15.207952;;;;;;;;;
2001;GKK Baden;HB;75;m³/h;75 m³/h;AT;48.1970124;15.907098;;;;;;;;;
2001;Ligist;FB Erlebnis-, Sport- Kinderbecken  ;441;m³/h;441 m³/h;AT;47.0692774;15.4321103;;;;;;;;;
2001;Neulengbach;FB Erlebnis-, Sport u. Kinderbecken  ;526;m³/h;526 m³/h;AT;47.0692774;15.4321103;;;;;;;;;
2001;Bad zur Sonne, Graz;HB;243;m³/h;243 m³/h;AT;46.6863113;15.980764;;;;;;;;;
2001;Therme Loipersdorf - Schaffelbad;Therme 3;244;m³/h;244 m³/h;AT;46.9644025;15.4786966;;;;;;;;;
2001;Hotel Triest, Bad Radkersburg;HB / FB;70 /75;m³/h;70 /75 m³/h;AT;46.86667;14.76667;;;;;;;;;
2001;Kalsdorf;HB Kinderbecken Sanierung ;14;m³/h;14 m³/h;AT;46.96085;15.47638;;;;;;;;;
2001;Therme Bad Weissenbach;HB;30;m³/h;30 m³/h;AT;46.62722;13.36722;;;;;;;;;
2001;Hotel Radkersburger Hof    Bad Radkersburg ;FB;134;m³/h;134 m³/h;AT;47.44637;12.39215;;;;;;;;;
2001;Hotel Hubertushof, Hermagor;FB;46;m³/h;46 m³/h;AT;46.7273418;15.293861;;;;;;;;;
2001;Hotel Schwarzer Adler, Kitzbühel;HB, Whirlpool;72, 23;m³/h;72, 23 m³/h;AT;46.623943;14.3075976;;;;;;;;;
2001;Naturschwimmteich Pölfing-Brunn;FB;11;m³/h;11 m³/h;AT;46.9842259;16.1122001;;;;;;;;;
2001;Klagenfurt Teilstromozon;HB;60;m³/h;60 m³/h;AT;47.1705951;16.0278573;;;;;;;;;
2001;Therme Loipersdorf;FB Außenbecken Attraktionen;26;m³/h;26 m³/h;AT;46.88680287858122;13.509093125611473;;;;;;;;;
2001;Hotel Hubertushof, Hermagor;FB;46;m³/h;46 m³/h;AT;46.8147173;13.7792843;;;;;;;;;
2001;Heiltherme Bad Waltersdorf;FB Massagebecken ;80;m³/h;80 m³/h;AT;46.58381;13.255329;;;;;;;;;
2001;Babyhotel Neuschützer Trebesing;FB ;26;m³/h;26 m³/h;AT;48.11912;16.33753;;;;;;;;;
2002;Hotel Ronacher ;HB 71 m³/h, HB Massagebecken 60 m³/h, FB Außenbecken 70 m³/h, HB Kaltbecken 40 m³/h;71;m³/h;71 m³/h;AT;46.81479;13.77972;;;;;;;;;
2002;Neulengbach;FB Sport-, Nichtschwimmer-, und Kinderbecken;526;m³/h;526 m³/h;AT;47.559715;14.322863;;;;;;;;;
2002;Holmes Place Wipplinger Str.;HB;150;m³/h;150 m³/h;AT;48.2143;16.3682;;;;;;;;;
2002;HAPIMAG Sonnleiten;HB;50;m³/h;50 m³/h;AT;47.4152;12.7996;;;;;;;;;
2002;Aura Vösendorf;FB Nichtschwimmerbecken;25;m³/h;25 m³/h;AT;48.1278;16.3211;;;;;;;;;
2002;Wieselburg;FB Erlebnis- u. Kinderbecken;362;m³/h;362 m³/h;AT;48.1333;15.15;;;;;;;;;
2002;Vorau;FB Kinderbecken;57;m³/h;57 m³/h;AT;47.45;15.8667;;;;;;;;;
2002;Hotel Grimmingblick;HB Erlebnisbecken Whirlpool  ;60;m³/h;60 m³/h;AT;47.4281;13.8625;;;;;;;;;
2002;Österr. Gewerkschaftsbund;Außenbecken, Kinderbecken  ;45;m³/h;45 m³/h;AT;48.2083;16.3731;;;;;;;;;
2002;Selzthal;FB Sport-, Nichtschwimmer-, und Kinderbecken;386;m³/h;386 m³/h;AT;47.5333;14.3167;;;;;;;;;
2002;Ormoz;FB;86;m³/h;86 m³/h;SLO;46.4111;16.1494;;;;;;;;;
2002;Riegersburg;Kinderbecken;45;m³/h;45 m³/h;AT;46.9833;15.9;;;;;;;;;
2002;Flattach ;FB;383;m³/h;383 m³/h;AT;46.9667;13.1833;;;;;;;;;
2002;Sonnenwaldbad Donnerskirchen;FB;330;m³/h;330 m³/h;AT;47.9;16.65;;;;;;;;;
2002;Siegendorf;FB;320;m³/h;320 m³/h;AT;47.7833;16.5667;;;;;;;;;
2002;Brennereihotel Lagler Kukmirn;HB;87;m³/h;87 m³/h;AT;47.0667;16.2;;;;;;;;;
2002;Gasthof Stoff, St. Margarethen / Lav.;HB;28;m³/h;28 m³/h;AT;46.8331;14.8292;;;;;;;;;
2002;Gruber Hotel Bretanide;FB;188;m³/h;188 m³/h;HR;47.325;14.5153;;;;;;;;;
2002;Izovod;HB;15;m³/h;15 m³/h;HR;45.1628;18.2562;;;;;;;;;
2002;Thermalsee Rogner Bad Blumau;Thermalsee;637;m³/h;637 m³/h;AT;47.0833;16.0167;;;;;;;;;
2002;Gasthof Hochegger, Klippitzt.;Hotel Bad;73;m³/h;73 m³/h;AT;46.9425;14.645;;;;;;;;;
2002;Thermenhotel Paierl, Bad Waltersdorf;HB;108;m³/h;108 m³/h;AT;47.0664;16.0235;;;;;;;;;
2002;Hotel Allmer, Fam. Pfeifer, Bad Gleichenberg;HB;41;m³/h;41 m³/h;AT;46.8703;15.8983;;;;;;;;;
2003;Mistelbach;HB;60;m³/h;60 m³/h;AT;48.5706;16.5764;;;;;;;;;
2003;Waidhofen / Ybbs;HB;40;m³/h;40 m³/h;AT;47.9572;14.7686;;;;;;;;;
2003;Rabensburg;FB;390;m³/h;390 m³/h;AT;48.0167;15.4167;;;;;;;;;
2003;Leopoldskron;FB;1010;m³/h;1010 m³/h;AT;47.7861;13.0386;;;;;;;;;
2003;Tulln;Therapiebecken ;30;m³/h;30 m³/h;AT;48.3311;16.0536;;;;;;;;;
2003;Holmes Place Salzburg;HB;198;m³/h;198 m³/h;AT;47.8095;13.055;;;;;;;;;
2003;Loipersbach;FB Kinderbecken;25;m³/h;25 m³/h;AT;47.7167;16.4333;;;;;;;;;
2003;Ferienpark St. Lorenzen;HB;90;m³/h;90 m³/h;AT;47.267;14.466;;;;;;;;;
2003;Tiergarten Schönbrunn;Regenwaldhaus;;; ;AT;48.1763;16.3049;;;;;;;;;
2003;Kurzentrum Bad Sauerbrunn;HB;175;m³/h;175 m³/h;AT;47.7219;16.33;;;;;;;;;
2003;Schloßpark Fortuna;HB;80;m³/h;80 m³/h;AT;48.162616416378164;16.32180045499887;;;;;;;;;
2003;Elixia Wien;HB;155;m³/h;155 m³/h;AT;48.2517;16.4303;;;;;;;;;
2003;Braunhubergasse;FB;28;m³/h;28 m³/h;AT;48.1756;16.4125;;;;;;;;;
2003;Großfeldsiedlung;HB Lehrschwimmbecken;95;m³/h;95 m³/h;AT;48.266;16.414;;;;;;;;;
2003;Niklasdorf;FB;360;m³/h;360 m³/h;AT;47.3833;15.1;;;;;;;;;
2003;Kurhotel Bad Tatzmannsdorf;FB / HB / WP;139/139/60;m³/h;139/139/60 m³/h;AT;47.3367;16.2367;;;;;;;;;
2003;Therme Lutzmannsburg;HB Erweiterung;777;m³/h;777 m³/h;AT;47.4461;16.5042;;;;;;;;;
2003;Vitalhotel Loipersdorf;HB;78/52/30;m³/h;78/52/30 m³/h;AT;47.0;16.0667;;;;;;;;;
2003;Hotel Landhaus Legenstein Bad Gleichenberg;Hotel Bad;45;m³/h;45 m³/h;AT;46.8714;15.8958;;;;;;;;;
2003;Stako Gerald Kozmuth, Graz;HB;75;m³/h;75 m³/h;AT;47.0707;15.4395;;;;;;;;;
2003;Alpentherme Bad Hofgastein;Therme;1187;m³/h;1187 m³/h;AT;47.1706;13.1022;;;;;;;;;
2003;Seniorenresidenz Waldhof, Lieboch;HB;40;m³/h;40 m³/h;AT;48.3893;16.6321;;;;;;;;;
2003;Hotel Hochschober, Turracherhöhe;Solebecken u HB Sanierung;26634,00;m³/h;26634 m³/h;AT;46.8972;13.8762;;;;;;;;;
2003;Turist Hotel Zaton;FB Attraktionsbecken 477,18 m³/h, Kinderbecken 18 m³/h;;;;HR;44.2461;15.2431;;;;;;;;;
2003;Bad Weissenbach;Therme / FB;63;m³/h;63 m³/h;AT;47.754;14.6233;;;;;;;;;
2003;Feldbach;HB;107;m³/h;107 m³/h;AT;46.9533;15.9069;;;;;;;;;
2003;Hotel Bergwirt, Graden;HB;46;m³/h;46 m³/h;AT;47.1136;14.9378;;;;;;;;;
2003;Mag. Alfred Wall, Graz;FB / Privatbad;40;m³/h;40 m³/h;AT;47.0707;15.4395;;;;;;;;;
2003;Sanatorium Laßnitzhöhe;Therapiebecken;41;m³/h;41 m³/h;AT;47.0667;15.5667;;;;;;;;;
2003;Dr. Norbert Ertler, Graz;FB / Privatbad  ;21;m³/h;21 m³/h;AT;47.0707;15.4395;;;;;;;;;
2003;Thermenhotel Ronacher, Bad Kleinkirchheim;Solebecken  ;41;m³/h;41 m³/h;AT;46.8133;13.7908;;;;;;;;;
2004;Kirchberg an der Pielach;FB;87/485;m³/h;87/485 m³/h;AT;48.0147;15.3483;;;;;;;;;
2004;Monte Verde;FB;42;m³/h;42 m³/h;AT;48.168690304190456;16.344550151255937;;;;;;;;;
2004;Lutzmannsburg;FB Whirlpool;42;m³/h;42 m³/h;AT;47.4461;16.5042;;;;;;;;;
2004;Holmes Place Linz;HB;94/54;m³/h;94/54 m³/h;AT;48.3058;14.2842;;;;;;;;;
2004;Albrechtsberg;FB;185;m³/h;185 m³/h;AT;48.4667;15.2333;;;;;;;;;
2004;Grand Hotel Viktoria;HB;45;m³/h;45 m³/h;CH;46.6928;7.8631;;;;;;;;;
2004;Strebersdorf;FB Familienbecken;431;m³/h;431 m³/h;AT;48.2944;16.405;;;;;;;;;
2004;Sinabelkirchen;Badesee;90;m³/h;90 m³/h;AT;47.05;15.8167;;;;;;;;;
2004;Neunkirchen;FB Erlebnisbecken  ;250;m³/h;250 m³/h;AT;47.7225;16.0783;;;;;;;;;
2004;Stammersdorf;FB Familienbecken  ;60;m³/h;60 m³/h;AT;48.3017;16.3946;;;;;;;;;
2004;Wenigzell;HB Erlebnisbecken  ;146;m³/h;146 m³/h;AT;47.4333;15.85;;;;;;;;;
2004;Glanzing;HB Wohnhausanlage  ;45;m³/h;45 m³/h;AT;48.2447;16.317;;;;;;;;;
2004;Kapfenberg;HB Saunabereich ;248;m³/h;248 m³/h;AT;47.44;15.2878;;;;;;;;;
2004;Mag. Alfred Wall, Graz;HB Privatbad ;30;m³/h;30 m³/h;AT;47.0707;15.4395;;;;;;;;;
2004;Vöest Alpine Turbolars, Kindberg;Therapiebecken;35;m³/h;35 m³/h;AT;47.5167;15.4333;;;;;;;;;
2004;Bioterme, Mala Nedelja;Therme;1165;m³/h;1165 m³/h;SLO;46.5726;16.0457;;;;;;;;;
2004;Therme Nova Köflach;Therme / Innen-/Außenbecken 809 m³/h, Grotte, Whirlpool, Kinderbecken 474 m³/h, Rutschenlandebecken 145 m³/h, Schwimmerbecken 100 m³/h, Kaltbecken 14 m³/h, Hotelbecken 76 m³/h;;;;AT;47.0717;15.0917;;;;;;;;;
2004;Stegersbach;Therme/ Hotel Bad  ;500;m³/h;500 m³/h;AT;47.1667;16.1167;;;;;;;;;
2004;Frohnleiten;FB;700;m³/h;700 m³/h;AT;47.2667;15.3167;;;;;;;;;
2004;Breitenau / Hochlantsch;Kinderbecken  ;26;m³/h;26 m³/h;AT;47.3667;15.4;;;;;;;;;
2004;Wernersdorf;FB;106;m³/h;106 m³/h;AT;46.7;15.1833;;;;;;;;;
2004;Gleisdorf;FB;944;m³/h;944 m³/h;AT;47.1;15.7;;;;;;;;;
2004;Hotel Goger, Stegersbach ;Hotel Bad  ;70;m³/h;70 m³/h;AT;47.1667;16.1167;;;;;;;;;
2004;Gleisdorf;FB Whirlpool;30;m³/h;30 m³/h;AT;47.1;15.7;;;;;;;;;
2004;Parkhotel Stubenberg;HB;24;m³/h;24 m³/h;AT;47.2167;15.9;;;;;;;;;
2004;All in Red Hotelbetrieb, Lutzmannsburg;HB / FB;49;m³/h;49 m³/h;AT;47.4461;16.5042;;;;;;;;;
2004;Stegersbach Balance Resort;Hotel Bad  ;170;m³/h;170 m³/h;AT;47.1648;16.1184;;;;;;;;;
2004;Hotel Werzer-Wallerwirt, Pörtschach;Hotel Bad  ;51;m³/h;51 m³/h;AT;46.63;14.1375;;;;;;;;;
2004;Sporthotel Kurz, Operpullendor;Hotel Bad  ;42;m³/h;42 m³/h;AT;47.5094;16.5117;;;;;;;;;
2004;Hotel Regitnig, Weißensee;Whirlpool;23;m³/h;23 m³/h;AT;46.7369;13.3384;;;;;;;;;
2004;Golf-Aparthotel, Loipersdorf;Hotel Bad;174;m³/h;174 m³/h;AT;47.0;16.0667;;;;;;;;;
2004;Hotel Kreuzwirt, Weißensee;Hotel Bad;102;m³/h;102 m³/h;AT;46.7393;13.3322;;;;;;;;;
2004;Architekt Dipl.Ing. Simonyi, Graz;Whirlpool  ;10;m³/h;10 m³/h;AT;47.9030248486571;15.954039483771817;;;;;;;;;
2004;Eisenerz;HB Saunabereich;219;m³/h;219 m³/h;AT;47.5333;14.8833;;;;;;;;;
2004;Felsenbad Bad Gastein;HB / FB   ;700;m³/h;700 m³/h;AT;47.1172;13.1344;;;;;;;;;
2004;Kiss-salis-Therme Bad Kissingen;Therme;1386;m³/h;1386 m³/h;AT;50.2025;10.0784;;;;;;;;;
2004;Fladnitz / Hotel Styria;;;; ;AT;47.3667;15.5333;;;;;;;;;
2004;Österr. Gewerkschaftsbund;HB – Hotelbecken ;34;m³/h;34 m³/h;AT;48.2083;16.3731;;;;;;;;;
2004;Jörgerbad;HB Schwimmerbecken  ;100;m³/h;100 m³/h;AT;48.2295;16.3404;;;;;;;;;
2005;Wienerbergcity;FB;65;m³/h;65 m³/h;AT;48.1665;16.3475;;;;;;;;;
2005;Rösslergasse;FB;40;m³/h;40 m³/h;AT;48.17;16.374;;;;;;;;;
2005;Leobersdorf;FB Rutschenzielbecken;60;m³/h;60 m³/h;AT;47.9536;16.2196;;;;;;;;;
2005;Langenlois;FB Kinderbecken;;; ;AT;48.4667;15.6833;;;;;;;;;
2005;Hofferplatz;FB Familienbecken  ;180;m³/h;180 m³/h;AT;48.2191;16.3332;;;;;;;;;
2005;Neunkirchen ;HB Sprungbecken  ;80;m³/h;80 m³/h;AT;47.7225;16.0783;;;;;;;;;
2005;Lenox/Moskau;HB;16;m³/h;16 m³/h;RUS;55.7558;37.6173;;;;;;;;;
2005;Lenox/Minsk;Wellness;32;m³/h;32 m³/h;RUS;53.9;27.5667;;;;;;;;;
2005;Gruber Hotel Bretanide;FB Attraktionsbecken;188;m³/h;188 m³/h;HR;43.1626;16.6392;;;;;;;;;
2005;Eibiswald;FB Neubau;423;m³/h;423 m³/h;AT;46.6833;15.2;;;;;;;;;
2005;Hotel Triest/Fontana, Bad Radkersburg ;HB / FB   ;148;m³/h;148 m³/h;AT;46.6856;15.9875;;;;;;;;;
2005;Mürzzuschlag;HB / Wasserrutsche;235;m³/h;235 m³/h;AT;47.6061;15.6711;;;;;;;;;
2005;H2O – HotelthermeBad Waltersdorf;Wasserrutsche  ;1225;m³/h;1225 m³/h;AT;47.0664;16.0235;;;;;;;;;
2005;Hotel Seeblick, Weißensee;HB;42;m³/h;42 m³/h;AT;46.74;13.34;;;;;;;;;
2005;St. Stefan im Rosental;FB;491;m³/h;491 m³/h;AT;46.87;15.8;;;;;;;;;
2005;Berggasthof Jesch, Diex;HB;50;m³/h;50 m³/h;AT;46.7175;14.6844;;;;;;;;;
2005;Vitalhotel in Henndorf / Loipersdorf;Massagebecken;80;m³/h;80 m³/h;AT;46.98069;16.12299;;;;;;;;;
2005;AVITA Therme Bad Tatzmannsdorf;Thermalwasser-Außenbecken diverse Kaltwasser-Außenbecken 93m³/h, Erweiterung Sauna 43 m³/h;;; ;AT;47.3367;16.2367;;;;;;;;;
2005;Stainz;HB;80;m³/h;80 m³/h;AT;46.8925;15.265;;;;;;;;;
2005;Hotel Astoria, Maria Wörth;HB;44;m³/h;44 m³/h;AT;46.6234;14.1389;;;;;;;;;
2005;Sonderkrankenanstalt Micheldorf;Therapiebecken;48;m³/h;48 m³/h;AT;47.8833;14.1333;;;;;;;;;
2005;Familie Trost, Salzburg-Anif;HB Privatbad;25;m³/h;25 m³/h;AT;47.75;13.0667;;;;;;;;;
2005;AVL Klimabrunnen, Graz;Klimabrunnen;15;m³/h;15 m³/h;AT;47.0707;15.4395;;;;;;;;;
2005;Eurotherme Bad Schallerbach;Therme;1100;m³/h;1100 m³/h;AT;48.2333;13.8167;;;;;;;;;
2005;Spreewaldtherme Burg;Therme;882;m³/h;882 m³/h;DE;51.8341;14.1583;;;;;;;;;
2005;Gnas;HB;56;m³/h;56 m³/h;AT;46.8667;15.8333;;;;;;;;;
2005;Hietzing ;FB;15;m³/h;15 m³/h;AT;48.1755;16.2548;;;;;;;;;
2005;Linz AG – OÖ;Zierbecken;10;m³/h;10 m³/h;AT;48.3064;14.2861;;;;;;;;;
2006;Scharfegger;HB Whirlpool;26;m³/h;26 m³/h;AT;47.6759;15.7491;;;;;;;;;
2006;Sonderschule Schwechat;HB Therapiebecken;21;m³/h;21 m³/h;AT;48.1333;16.4667;;;;;;;;;
2006;Waldschule Wr. Neustadt;HB Therapiebecken;126;m³/h;126 m³/h;AT;47.8;16.25;;;;;;;;;
2006;Gumpoldskirchen ;FB Filtertausch;;; ;AT;48.0286;16.2844;;;;;;;;;
2006;Bad Leonfelden;HB Schwimmbecken/Whirlpool  ;61/42;m³/h;61/42 m³/h;AT;48.5167;14.3;;;;;;;;;
2006;Axams;FB;244;m³/h;244 m³/h;AT;47.2333;11.3;;;;;;;;;
2006;Kapfenberg;FB Filtersanierung;;; ;AT;47.44;15.2878;;;;;;;;;
2006;Scharfegger;Halle- und Freibereich Schwimmbecken;48;m³/h;48 m³/h;AT;47.6759;15.7491;;;;;;;;;
2006;Lachtal;HB;21;m³/h;21 m³/h;AT;47.2328;14.3347;;;;;;;;;
2006;Vitalhotel Bad Ischl;Badewasseraufbereitung, HB Schwimmbecken 77 m³/h, HB Whirlpool 45 m³/h, Einrichtung Edelstahlbecken;;; ;AT;47.7111;13.6206;;;;;;;;;
2006;Gallspach;Naturschwimmbad 30 m³/h, Pumpenraum 120/20 m³/h;;; ;AT;48.2333;13.8;;;;;;;;;
2006;St. Marein;Badesee;76;m³/h;76 m³/h;AT;47.01313642444214;15.685150090572426;;;;;;;;;
2006;Kongreßbad;FB Erlebnisbecken;550;m³/h;550 m³/h;AT;48.222;16.3117;;;;;;;;;
2006;Theresienbad;Saunabecken;34;m³/h;34 m³/h;AT;48.182;16.3308;;;;;;;;;
2006;Würflach;FB Nichtschwimmerbecken;200;m³/h;200 m³/h;AT;47.7667;16.0667;;;;;;;;;
2006;Therme Linsberg;Planungsauftrag und Thermenbrunnen Thermalwasseraufbereitung Badewasseraufbereitung;;; ;AT;47.7689;16.2264;;;;;;;;;
2006;John Harris Fitness;HB Schwimmerbecken;90;m³/h;90 m³/h;AT;48.199;16.368;;;;;;;;;
2006;Gaming ;HB Schulhallenbad  ;80;m³/h;80 m³/h;AT;47.8656;15.0791;;;;;;;;;
2006;Gesundheitszentrum, Hotel Wasnerin Bad Aussee;HB / FB;350;m³/h;350 m³/h;AT;47.6116;13.7827;;;;;;;;;
2006;Garten-Hoteldorf Ochensberger St. Ruprecht;HB;45;m³/h;45 m³/h;AT;47.14978093734632;15.66654821775292;;;;;;;;;
2006;Hart bei Graz;HB;135;m³/h;135 m³/h;AT;47.05;15.5167;;;;;;;;;
2006;Bad Gleichenberg;FB Sanierung ;678;m³/h;678 m³/h;AT;46.87559;15.90007;;;;;;;;;
2006;Haus Rossi, Kom.Rat Roth;Whirlpool Privatbad;40;m³/h;40 m³/h;DE;50.14452;7.17075;;;;;;;;;
2006;Schloß Pichlarn, Aigen i.E.;FB Kinderbecken;135;m³/h;135 m³/h;AT;47.5192;14.1062;;;;;;;;;
2006;Nova Gorica;Therapiebecken mit Ozon;80;m³/h;80 m³/h;SLO;45.956;13.65;;;;;;;;;
2006;Avance Hotel Bad Tatzmannsdorf;HB Kinderbecken;171;m³/h;171 m³/h;AT;47.3367;16.2367;;;;;;;;;
2006;Conip Zagreb;HB;15;m³/h;15 m³/h;HR;45.813775176674056;15.998422829353679;;;;;;;;;
2006;Gleichenberger Hof;FB;43;m³/h;43 m³/h;AT;46.87;15.9;;;;;;;;;
2006;Therme Loipersdorf;Methanentgasung Barbaraquelle;3,6;l/s;3,6 l/s;AT;47.0;16.0667;;;;;;;;;
2006;Gemeinde Mitterdorf / Mürztal;FB Wasserrutsche;315;m³/h;315 m³/h;AT;47.5;15.5667;;;;;;;;;
2006;Therme Loipersdorf;Thermal-Innenbecken  ;282;m³/h;282 m³/h;AT;47.0;16.0667;;;;;;;;;
2006;Dorfhotel Fasching Fischbach;HB;58;m³/h;58 m³/h;AT;47.5003;15.7006;;;;;;;;;
2006;Hotel Loipersdorf;HB;105;m³/h;105 m³/h;AT;47.0;16.0667;;;;;;;;;
2006;Landessportschule Linz;FB Folienauskleidung;420;m³/h;420 m³/h;AT;48.3;14.3;;;;;;;;;
2006;Jörgerbad;FB Nichtschwimmerbecken;200;m³/h;200 m³/h;AT;48.2295;16.3404;;;;;;;;;
2007;Kabelwerke;Zierbrunnen 120 m³/h, Wassertreppe 25 m³/h;;;;AT;48.1857;16.3247;;;;;;;;;
2007;Theodor Körner Schule;HB Sanierung;;; ;AT;48.1801;16.3043;;;;;;;;;
2007;Ebensee;Mehrzweckbecken 96 m³/h, Kinderbecken 4 m³/h, Einrichtung Edelstahlbecken;;; ;AT;47.81227756007146;13.773378575407564;;;;;;;;;
2007;Wien Süd – Mittelfeldweg;FB;24;m³/h;24 m³/h;AT;48.1463;16.369;;;;;;;;;
2007;Amstetten Naturbad;Erweiterung Schwimmbad, Erlebnisbecken 238 m³/h, Kinderbecken 20 m³/h, Errichtung Technikraum;;; ;AT;48.1167;14.8667;;;;;;;;;
2007;Schlosshotel Velden;HB / FB;200;m³/h;200 m³/h;AT;46.6111;14.0489;;;;;;;;;
2007;Seepark Velden Hotel;FB / HB;65;m³/h;65 m³/h;AT;46.6131;14.0547;;;;;;;;;
2007;Hypo Alpe Adria Center Zagreb;Wellness;200;m³/h;200 m³/h;HR;45.7984;15.9697;;;;;;;;;
2007;Hotel Larimar Stegersbach;HB / FB Sole  ;255;m³/h;255 m³/h;AT;47.1667;16.1167;;;;;;;;;
2007;Gemeinde St. Anton / Jeßnitz;FB;141;m³/h;141 m³/h;AT;47.8667;15.2333;;;;;;;;;
2007;Thermal-Römerbad, Bad Kleinkirchheim;FB Erweiterung Erlebnis- u. Kinderbecken;293;m³/h;293 m³/h;AT;46.8131;13.7925;;;;;;;;;
2007;Aqualuxtherme Fohnsdorf;Therme;695;m³/h;695 m³/h;AT;47.1867;14.6844;;;;;;;;;
2007;Wellnessbereich Quellenhotel, Bad Waltersdorf;HB / FB ;120;m³/h;120 m³/h;AT;47.0664;16.0235;;;;;;;;;
2007;Sport- u. Kongreßz. Seefeld;HB / FB ;650;m³/h;650 m³/h;AT;47.3306;11.1889;;;;;;;;;
2007;Hotel Sommerhof, Gosau;HB Sanierung;;; ;AT;47.5861;13.5344;;;;;;;;;
2008;Therme Linsberg;Thermalwasseraufbereitung 14,4m³/h, Thermenbrunnen 14,4 m³/h, Schwimmbadtechnik, Wasserkreislauf 1 - 576 m³/h, Wasserkreislauf 2 - 235 m³/h, Wasserkreislauf 3 - 149 m³/h, Wasserkreislauf 4 - 60 m³/h, Wasserkreislauf 5 - 100 m³/h, Wasserkreislauf 6 - 99 m³/h, Wasserkreislauf 7 - 64 m³/h;;; ;AT;47.7689;16.2264;;;;;;;;;
2008;Mariazeller Akademie;Schwimmbecken 64 m³/h, Kinderbecken 12 m³/h, Tauchbecken, Errichtung Edelstahlbecken;;; ;AT;47.7728;15.3173;;;;;;;;;
2008;Leobersdorf Generationenpark;Brunnenanlage;;; ;AT;47.9536;16.2196;;;;;;;;;
2008;Stadionbad;Umbau EEC;;; ;AT;48.2047;16.4135;;;;;;;;;
2008;Misakyan;Privatbecken Schwimmbadtechnik Edelstahlbecken;;; ;AT;47.98541928137250;16.313579583855706;;;;;;Schloßsee 2;2522;Oberwaltersdorf;Privatkunde
2008;Hotel DAS Schmidt;Therapiewanne;;; ;AT;47.7319;16.6925;;;;;;;;;
2008;Bad Zell ;HB Schwimmbadtechnik;63;m³/h;63 m³/h;AT;48.4;14.6667;;;;;;;;;
2008;Kirchberg an der Raab;Badeteich  2081 m², Schwimmbadtechnik 60 m³/h;;; ;AT;46.95;15.8333;;;;;;;;;
2008;Altlengbach;FB Badewasseraufbereitung 186 m³/h, Schwimmerbecken 50 m³/h, Nichtschwimmerbecken 68 m³/h, Kinderbecken 21 m³/h;;; ;AT;48.15;15.85;;;;;;;;;
2008;Markt Sankt Martin;Badeteich 1400 m², Badewasseraufbereitung 46 m³/h;;; ;AT;47.5431;16.4358;;;;;;;;;
2008;Steyr;Neubau Rutsche;;; ;AT;48.0427;14.4214;;;;;;;;;
2008;Römertherme Baden;Sanierung Überlaufrinne, Baumeisterarbeiten, Edelstahlauskleidung;;; ;AT;48.0061;16.2319;;;;;;;;;
2008;Marktgemeinde Weiten;FB Sanierung, Folienauskleidung ;;; ;AT;48.3167;15.2667;;;;;;;;;
2008;Theresienbad;Erneuerung Dosierstation, Mess- und Regelung;;; ;AT;48.182;16.3308;;;;;;;;;
2008;Asia Resort Linsberg;Erweiterung Gebläseluftheizer;;; ;AT;47.7689;16.2264;;;;;;;;;
2008;Gruber Hotel Bretanide;FB Attraktionsbecken;84;m³/h;84 m³/h;HR;43.1626;16.6392;;;;;;;;;
2008;Auranus-Stiftung, Döbriach am Faakersee;HB Privatbad;25;m³/h;25 m³/h;AT;46.6436;13.7;Ort Döbriach angenommen – Auranus-Stiftung nicht verifizierbar;;;;;;;;
2008;Kairostherme Bad Gleichenberg;Therme ;567;m³/h;567 m³/h;AT;46.87;15.9;;;;;;;;;
2008;Kurhotel Raxblick, Prein an der Rax          ;HB / FB Therapie;165;m³/h;165 m³/h;AT;47.67130;15.78616;;;;;;;;;
2008;Bioterme, Mala Nedelja ;Therme Erweiterung;443;m³/h;443 m³/h;SLO;46.5726;16.0457;;;;;;;;;
2008;Unionschwimmhalle der Sportunion Graz;HB;250;m³/h;250 m³/h;AT;47.072909366178706;15.458443540859278;;;;;;;;;
2008;Almwellnesshotel Pierer Teichalm;HB;40;m³/h;40 m³/h;AT;47.3589;15.5096;;;;;;;;;
2008;Rutschenanlage Fürstenfeld;FB Badewasseranlage;120;m³/h;120 m³/h;AT;47.05;16.0833;;;;;;;;;
2008;Hallenbad Birkfeld;HB;60;m³/h;60 m³/h;AT;47.3667;15.8833;;;;;;;;;
2008;Bretanide Brac / Bol;FB;82;m³/h;82 m³/h;HR;43.2622;16.6552;;;;;;;;;
2008;Golf- u. Thermenregion Stegersbach;Erweiterung Therme;200;m³/h;200 m³/h;AT;47.1667;16.1167;;;;;;;;;
2008;Seminarhotel Retter Pöllau;FB;88;m³/h;88 m³/h;AT;47.2367;15.8953;;;;;;;;;
2008;Hotel Zedern Klang;HB / FB;65;m³/h;65 m³/h;AT;46.7386;12.5903;;;;;;;;;
2008;Antunovic;HB;20;m³/h;20 m³/h;HR;45.8031;15.9144;;;;;;;;;
2008;Villa Barbara Bad Gleichenberg;HB;20;m³/h;20 m³/h;AT;46.87;15.9;;;;;;;;;
2008;Ljutomer ;HB Kinderbecken;129;m³/h;129 m³/h;SLO;46.5189;16.1967;;;;;;;;;
2008;Hotel Lambrechthof St. Lambrecht;HB;46;m³/h;46 m³/h;AT;47.1069;14.2864;;;;;;;;;
2008;Hotel Weißbriach;HB / FB;184;m³/h;184 m³/h;AT;46.6736;13.2056;;;;;;;;;
2008;Kurhotel Salzerbad, Kleinzell / Hainfeld;HB;50;m³/h;50 m³/h;AT;47.98719784327319;15.750646468120907;;;;;;;;;
2008;Baukom;FB;26;m³/h;26 m³/h;SLO;46.416123620644484;15.86493276652309;;;;;;;;;
2008;Rehab-Zentrum Bad Häring;HB Therapiebecken;180;m³/h;180 m³/h;AT;47.5211;12.0994;;;;;;;;;
2008;Life Resort & Gesundheitszentrum Ottenschlag;FB / HB Therapiebecken;182;m³/h;182 m³/h;AT;48.4425;15.2058;;;;;;;;;
2008;Parkbad Linz;Sanierung Whirlpool;240;m³/h;240 m³/h;AT;48.2977;14.2965;;;;;;;;;
2008;Bad Hall;FB;500;m³/h;500 m³/h;AT;48.0333;14.2167;;;;;;;;;
2008;Strandbad Fuschl am See;FB Sanierung Folienbecken;240;m³/h;240 m³/h;AT;47.7992;13.2978;;;;;;;;;
2009;Engelsbad Baden;Schwimmbadtechnik 113 m², Schwimmbecken 64 m³/h, Therapiebecken 55 m³/h;;; ;AT;48.0052;16.233;;;;;;;;;
2009;BORG Wr. Neustadt;HB Sanierung;;; ;AT;47.8;16.2333;;;;;;;;;
2009;Neumarkt im Mühlenkreis;FB Schwimmbadtechnik 186 m³/h, Neubau Solaranlage 235 m²;;; ;AT;48.42524684809905;14.485606517496873;;;;;;;;;
2009;Stadionbad;Neubau Solaranlage 1000 m², Verrohrung;;; ;AT;48.2047;16.4135;;;;;;;;;
2009;Cumberlandstraße;FB Schwimmbadtechnik;30;m³/h;30 m³/h;AT;48.19193886888027;16.30273375258365;;;;;;Cumberlandstraße 53;1140;Wien;WHA
2009;Hallenbad Gänserndorf;Filteranlage Sanierung;;; ;AT;48.3;16.72;;;;;;;;;
2009;Neukirchen am Walde;Badeteich Technikausrüstung;;; ;AT;48.3833;13.8167;;;;;;;;;
2009;MA 34 – Praterstern;Brunnenanlage – Versuch;;; ;AT;48.2203;16.3921;;;;;;;;;
2009;Grimmingtherme Bad Mitterndorf;Therme;713;m³/h;713 m³/h;AT;47.5489;13.9331;;;;;;;;;
2009;Golf- und Thermenresort Bad Waltersdorf ;Erweiterung Therme;307;m³/h;307 m³/h;AT;47.0664;16.0235;;;;;;;;;
2009;Gesundheitsresort Bad St. Leonhard;HB / FB Therapie;156;m³/h;156 m³/h;AT;46.9472;14.8086;;;;;;;;;
2009;Schloss Velden Appartements Top 25                             ;SPA;15;m³/h;15 m³/h;AT;46.6111;14.0489;;;;;;;;;
2009;Hotel Mord, Mala Nedelja;HB;80;m³/h;80 m³/h;SLO;46.5726;16.0457;;;;;;;;;
2009;Kurzentrum Bad Hofgastein;Therapiebecken;70;m³/h;70 m³/h;AT;47.1706;13.1036;;;;;;;;;
2009;Genusshotel Gölles, Riegersburg;HB / FB;20;m³/h;20 m³/h;AT;46.9861;15.9272;;;;;;;;;
2009;Hotel Rauter, Matrei;FB;19;m³/h;19 m³/h;AT;47.0006;12.5383;;;;;;;;;
2009;FKK Saunauclub, Villach;FB / HB ;80;m³/h;80 m³/h;AT;46.6103;13.8558;;;;;;;;;
2009;Wellness Pule;Wellness;90;m³/h;90 m³/h;SLO;45.927222;15.183889;;;;;;;;;
2009;Med. Zentrum Bad Vigaun;FB Sanierung;313;m³/h;313 m³/h;AT;47.6167;13.1333;;;;;;;;;
2010;Pöttsching;FB Schwimmbadtechnik 490 m³/h, Folienauskleidung 1000 m², Solaranlage, 320 m², HKLS -Gebäude, E-Installation Gebäude;;; ;AT;47.80775254176932;16.37032677661196;;;;;;;;;
2010;Strandbad Baden;FB Austausch Schaltschrank, Neubau Visualisierung;;; ;AT;48.0028;16.2342;;;;;;;;;
2010;Vitalhotel Styria;FB Sanierung, Folienauskleidung 320 m², Adaptierung Technik;;; ;AT;47.3367;16.2367;;;;;;;;;
2010;Doblhoffpark Baden;Zierbrunnen, Wasseraufbereitung, Folienauskleidung;;; ;AT;48.0045;16.235;;;;;;;;;
2010;Mattersburg ;FB Sanierung, Folienauskleidung 950 m², Adaptierung Technik;;; ;AT;47.73944862568379;16.408368483764963;;;;;;;;;
2010;Neuhofen an der Ybbs;FB Sanierung, Folienauskleidung 490 m²;;; ;AT;48.05;14.8667;;;;;;;;;
2010;AQUA Nova Wr. Neustadt GU;HB Umbau Chlorierung 800 g/h, Kompl.Umrüstung von Elektrolyse auf CL Gas, Baumeisterarbeiten CL-Gasraum;800;g/h;800 g/h;AT;47.8234;16.2548;;;;;;;;;
2010;Krapinske Toplice;HB / FB;955;m³/h;955 m³/h;HR;46.1011;15.8703;;;;;;;;;
2010;Belvedere-Garten;Sanierung Brunnenanlage;458;m³/h;458 m³/h;AT;48.1919;16.3801;;;;;;;;;
2010;Hotel Izvor;HB / FB Thermalwasseraufbereitung;15;m³/h;15 m³/h;SRB;44.62;20.5756;;;;;;;;;
2010;Waldsanatorium Perchtoldsdorf;FB / HB;122;m³/h;122 m³/h;AT;48.1228;16.2667;;;;;;;;;
2010;Familiensoltherme Amadeé Altenmarkt ;11 Becken;1185;m³/h;1185 m³/h;AT;47.3831;13.4217;;;;;;;;;
2010;Reha Hallein;Therapiebecken;80;m³/h;80 m³/h;AT;47.6833;13.1;;;;;;;;;
2010;Kurbetrieb Oberzierning;HB;43;m³/h;43 m³/h;AT;47.25;14.4667;;;;;;;;;
2010;Avance Hotel Bad Tatzmannsdorf;Warmsprudelbecken;209;m³/h;209 m³/h;AT;47.3367;16.2367;;;;;;;;;
2010;Rattenegg;HB;81;m³/h;81 m³/h;AT;47.52543;15.77856;;;;;;;;;
2010;Thayatal Vitalbad, Raabs an der Thaya;div. Becken 264 m³/h: Freibad Sportbecken 265 m³/h, Rutschenzielbecken, Relaxbecken, Kinderbecken, Saunabecken, Außenbecken;;; ;AT;48.849243543333415;15.487931569751257;bitte um kurze Kontrolle ob die technischen Daten passend eingefügt wurden;;;;;Hauptstraße 2A;3820;Raabs an der Thaya;
2010;Soletherme Amadeé Altenmarkt;FB / HB Erlebnisbecken innen/außen 1132m², Saunabecken innen/außen, Wellenbecken, Entspannungsbecken, Galeriebecken, Warmsprudelbecken, Sportbecken, Kinderbecken;;; ;AT;47.3831;13.4217;bitte um kurze Kontrolle ob die technischen Daten passend eingefügt wurden;;;;;;;;
2010;UKH RZ Meidling;THB;195;m³/h;195 m³/h;AT;48.1704;16.3258;;;;;;;;;
2010;Kurbetrieb Heilstollen Oberzierning;HB;43;m³/h;43 m³/h;AT;47.25;14.4667;;;;;;;;;
2010;Braunau;HB Luft/Wasser Sitzsprudelbank, Teilstromozon, Schatzkasten u. Kneippeimer, Schwimmerbecken 176 m³/h, Nichtschwimmerbecken 140 m³/h, Piratenkinderbecken 64 m³/h;;; ;AT;48.24913;13.04569;;;;;;;;;
2010;Neurologisches Zentrum Gmundnerberg;HB;40;m³/h;40 m³/h;AT;47.8944;13.7858;;;;;;;;;
2010;Großarl;FB;379;m³/h;379 m³/h;AT;47.2333;13.2;;;;;;;;;
2010;Villa Gschwendt Maria Anzbach;FB;100;m³/h;100 m³/h;AT;48.19012;15.93155;;;;;;Johannesberg Strasse 8;3034;Maria Anzbach;Privatkunde
2010;Gröbming;"FB Attraktionen; Breitrutsche, WKL 1 360 m³/h, Nackendusche, Breitspeier, Gegenschwimmanlage, Luftliege, WKL 2 47 m³/h, Warmbecken, Luftsitze";;; ;AT;47.44044;13.90044;;;;;;;;;
2010;Hotel Praterstrasse ;HB;40;m³/h;40 m³/h;AT;48.2183;16.3913;Hotel nicht eindeutig – Praterstraße Wien als Bezugspunkt verwendet;;;;;;;;
2010;Gesundheitsresort Königsberg Bad Schönau;HB;26;m³/h;26 m³/h;AT;47.5044;16.2764;;;;;;;;;
2011;Moschendorf;Badeteich 2000 m², Aufbereitungsanlage 40 m³/h, Kinderbecken, Schwimmbadtechnik 18 m³/h, Folienauskleidung;;; ;AT;47.0;16.3833;;;;;;;;;
2011;Neunkirchen;FB Schwimmbadtechnik;469;m³/h;469 m³/h;AT;47.7225;16.0783;;;;;;;;;
2011;VS Zwentendorf;HB Badewasseraufbereitung, Saunaanlagen, Edelstahlbecken;90;m³/h;90 m³/h;AT;48.3567;15.8747;;;;;;;;;
2011;LKH Bad Ischl;HB;32;m³/h;32 m³/h;AT;47.7111;13.6206;;;;;;;;;
2011;Wohnhausanlage Ogugasse;HB;32;m³/h;32 m³/h;AT;48.2623;16.3934;;;;;;;;;
2011;Waisenhorngasse;FB;25;m³/h;25 m³/h;AT;48.2531;16.3965;;;;;;;;;
2011;Gesundheitszentrum Oberndorf b. Szbg;THB;32;m³/h;32 m³/h;AT;47.9469;13.0086;;;;;;;;;
2011;Hotel Garni Colora;HB Hotel Bad ;21;m³/h;21 m³/h;AT;47.0686;15.437;;;;;;;;;
2011;Carabelligasse GU;FB Sanierung Becken;90;m³/h;90 m³/h;AT;48.2236;16.4034;;;;;;;;;
2011;Ortner;Zierteichanlage Wassertechnik;;; ;AT;48.13331520277592;16.256861833506775;;;;;;Willergasse 34;1230;Wien;Teich
2011;Suben ;Badeteichanlage Wassertechnik;;; ;AT;48.3833;13.5;;;;;;;;;
2011;Stadionbad ;Automatisierung u. Visualisierung, Neubau Wellenmaschine;;; ;AT;48.2047;16.4135;;;;;;;;;
2011;Hotel DAS Schmidt;Sole – Whirlpool, Schwimmbadtechnik 21 m³/h;;; ;AT;47.7319;16.6925;;;;;;;;;
2011;Hotel Kothmühle ;Erneuerung Schwimmbadtechnik;;; ;AT;48.062;15.0025;;;;;;;;;
2011;Waidhofen Schloss a.d. Eisenstraße;EEC HB Badewasseranlage;;; ;AT;47.9603;14.7733;;;;;;;;;
2011;Red Bull – Ellighausen;Schwimmbadtechnik;18;m³/h;18 m³/h;CH;47.63;9.1236;;;;;;;;;
2011;Theresianische Akademie ;Schaltschranktausch, Hallenbad Badewasseranlage;;; ;AT;47.8485;16.5218;;;;;;;;;
2011;Siemens EEC Waidhofen / Ybbs;Badewasseranlage Hotelanlage;;; ;AT;47.9603;14.7733;;;;;;;;;
2011;Villa Hahn, Semmering;Privatbad;25;m³/h;25 m³/h;AT;47.6325;15.8294;;;;;;;;;
2011;Wohnhaus Simmeringer Hauptstraße;Schwimmerbecken;47;m³/h;47 m³/h;AT;48.1719;16.4342;;;;;;;;;
2011;Sparkasse Graz;Zierbecken;15;m³/h;15 m³/h;AT;47.0707;15.4395;;;;;;;;;
2011;Almwellnesshotel Pierer/Teichalm;Hallenbecken;29;m³/h;29 m³/h;AT;47.3589;15.5096;;;;;;;;;
2011;Hotel Izvor Arandjelovac;HB / FB;609;m³/h;609 m³/h;SRB;44.62;20.5756;;;;;;;;;
2011;Aqua Park Izvor;FB;725;m³/h;725 m³/h;SRB;44.31084;20.54777;;;;;;;;;
2011;Burgenlandtherme, Bad Tatzmannsdorf;HB / FB Kinderbecken;302;m³/h;302 m³/h;AT;47.3367;16.2367;;;;;;;;;
2011;Alpenhotel Waldfrieden Rohrmoos;Hallenbecken;43;m³/h;43 m³/h;AT;47.3934;13.6694;;;;;;;;;
2011;Vitalhotel Simon, Bad Tatzmannsdorf;HB Hotelpool;47;m³/h;47 m³/h;AT;47.3367;16.2367;;;;;;;;;
2011;Schloß Murhof Großlobming;Wellness;60;m³/h;60 m³/h;AT;47.15;14.75;;;;;;;;;
2011;Therme Loipersdorf – Fun Park;Therme / Ansaugfilter;360;m³/h;360 m³/h;AT;47.0;16.0667;;;;;;;;;
2011;Universitätssportzentrum Szbg Rif, Hallein;HB;351;m³/h;351 m³/h;AT;47.7333;13.0667;;;;;;;;;
2011;Wellnesshotel Klosterbräu Fam. Seyrling, Seefeld;FB Whirlpool;80;m³/h;80 m³/h;AT;47.3306;11.1889;;;;;;;;;
2011;Reha Zentrum, Bad Schallerbach;Therapiebecken ;300;m³/h;300 m³/h;AT;48.2333;13.8167;;;;;;;;;
2011;Eurothermen Resort, Bad Schallerbach;Zubau FB / HB / Therme;677;m³/h;677 m³/h;AT;48.2333;13.8167;;;;;;;;;
2011;Loipersdorf Thermalquelle Funpark;FB / HB;180;m³/h;180 m³/h;AT;47.0;16.0667;;;;;;;;;
2011;Schloß Murhof Großlobming;HB;60;m³/h;60 m³/h;AT;47.15;14.75;;;;;;;;;
2011;Universitätssportzentrum Szbg Rif, Hallein;FB / HB;351;m³/h;351 m³/h;AT;47.7333;13.0667;;;;;;;;;
2011;SKA REHA Zentrum Großgmain;THB;70;m³/h;70 m³/h;AT;47.7333;12.9333;;;;;;;;;
2011;Burgenlandtherme, Bad Tatzmannsdorf;FB / HB Whirlpool;302;m³/h;302 m³/h;AT;47.3367;16.2367;;;;;;;;;
2011;Messequartier Graz;FB;58;m³/h;58 m³/h;AT;47.0614;15.4508;;;;;;;;;
2011;EurothermenResort, Bad Schallerbach;FB / HB Zubau Therme, WKL 1 Lagune außen 250 m³/h, Lagune innen 240 m³/h, Schwefelbecken 85 m³/h, WKL 2 Solebecken 41 m³/h, WKL 3 Kurbecken 61 m³/h, Aquapulco Ausbau, Attraktionsförderleistung 1300 m³/h;;; ;AT;48.2333;13.8167;;;;;;;;;
2011;REHA Zentrum Versicherungsanstalt, Bad Schallerbach ;THB 190 m³/h, Öffentlich Bediensteter, Bad Schallerbach Teilozon 60 m³/h;;; ;AT;48.2333;13.8167;;;;;;;;;
2012;SVA Klinikum Malcherhof ARGE - GWT – Berndorf;Edelstahlbecken 114 m², Wasseraufbereitung, Schwimmbecken 72 m³/h, Edelstahl- u. Bewegungsbecken 75 m³/h, Bewegungsbecken 80 m³/h, Schwefelwasseraufbereitung;;; ;AT;47.95;16.1125;;;;;;;;;
2012;Gesiba Bike & Swim;FB Dachterassenbad 250 m², Wasseraufbereitung Schwimmbecken 100 m³/h, Solaranlage 200 m²;;; ;AT;48.2265;16.3952;;;;;;;;;
2012;SPZ Korneuburg;Edelstahlbecken 12 m², Wasseraufbereitung 16 m³/h, Ozonanlage 16 m³/h;;; ;AT;48.3461;16.3256;;;;;;;;;
2012;MA 31 Wienerberg;Wasserpark;;; ;AT;48.1663;16.3598;;;;;;;;;
2012;Benjowskigasse ;FB Privatbecken  ;25;m³/h;25 m³/h;AT;48.2266;16.3581;;;;;;;;;
2012;Wattmanngasse - Haus W ;FB Privatbecken  ;25;m³/h;25 m³/h;AT;48.17946479505106;16.296005082015300;;;;;;Wattmanngasse 42;1130;Wien;Privatkunde Dr. Wolf
2012;Wohnpark Alt Erlaa;Erneuerung von 3 Dachbädern 120 m³/h, Technikraum;120;m³/h;120 m³/h;AT;48.1425;16.3128;;;;;;;;;
2012;Therme Wien – Vamed;Wasseraufbereitung Entschwefelung;;; ;AT;48.1475;16.4183;;;;;;;;;
2012;Ödenburgerstraße;Dachterassenbad, Schwimm- u. Kinderbecken 216 m³/h, Wasseraufbereitung Schwimmerbecken 80 m³/h, Wasseraufbereitung Kinderbecken 15 m³/h, Solaranlage 150 m²;;; ;AT;48.2876;16.4397;;;;;;;;;
2012;Wertheimsteinpark;FB Wohnhausanlage Wasseraufbereitung 50 m², Schwimmerbecken 18 m³/h;;; ;AT;48.2416;16.3555;;;;;;;;;
2012;Pittel + Brausewetter, Ebreichsdorf;Pumpstation Badeteich;;; ;AT;47.9619;16.3894;;;;;;;;;
2012;Felixdorf ;FB Schaltschankaustausch, Badewasseranlage;;; ;AT;47.9061;16.2625;;;;;;;;;
2012;Wohnpark Alt Erlaa  ;Sanierung Folienbecken ;;; ;AT;48.1425;16.3128;;;;;;;;;
2012;Sozialbau AG GU – Leistung WEG Carabelligasse;FB Sanierung Beckenanlage Folienbecken, Bauarbeiten;;; ;AT;48.2236;16.4034;;;;;;;;;
2012;GM Virgen;FB Sanierung Folienbecken;1250;m²;1250 m²;AT;46.9667;12.45;;;;;;;;;
2012;MA 34 Donauinsel;Brunnenanlage ;;; ;AT;48.2367;16.3972;;;;;;;;;
2012;TGA irakische Botschaft;Planung Schwimmbadtechnik;;; ;AT;48.2003;16.3794;;;;;;;;;
2012;WV südl. BGLD Rumpersdorf;Folienauskleidung Trinkwasserbehälter;500;m²;500 m²;AT;47.0833;16.5333;;;;;;;;;
2012;Rosarium Baden;Ausrüstung Zierbrunnen;;; ;AT;48.0051;16.235;;;;;;;;;
2012;MA 44 Alte Donau;FB Schaltschrankaustausch;;; ;AT;48.2367;16.4175;;;;;;;;;
2012;John Harris Fitnessstudio;HB Sanierung Badewasseranlage 148 m³/h, Wasserfläche gesamt, 147 m², Schwimmbecken 94 m³/h, Whirlpool 54 m³/h;148;m³/h;148 m³/h;AT;48.20196474536071;16.36384551539576;;;;;;;;;
;John Harris UNIQUA Vital Center;;;;;;48.21271447245247;16.38345936852332;;;;;;Untere Donaustrasse 21;1020;Wien;
;John Harris Am Margaretenplatz;;;;;;48.192434188553214;16.357790439686895;;;;;;Strobachgasse 7-9;1020;Wien;
;John Harris Donaupark;;;;;;48.31404011189158;14.299363697363239;;;;;;Unter Donaulände 21-25;4020;Linz;
;John Harris DC Tower Wien;;;;;;48.23186486447595;16.412860568524103;;;;;;Donau-City Strasse 7/2. Stock;1220;Wien;
2012;Stadionbad Wien autom.;Schwimmbadtechnik Endausbau ;;; ;AT;48.2047;16.4135;;;;;;;;;
2012;Messequartier Graz;HB;58;m³/h;58 m³/h;AT;47.0614;15.4508;;;;;;;;;
2012;SKA Bad Gastein;Umbau u. Sanierung Hallenbecken, Therapiebecken  ;115;m³/h;115 m³/h;AT;47.1167;13.1333;;;;;;;;;
2012;Hotel Bioterme, Mala Nedelja;Therme;154;m³/h;154 m³/h;SLO;46.5726;16.0457;;;;;;;;;
2012;Hotel Landhaus Moserhof Guntramsdorf ;Hotelpool;26;m³/h;26 m³/h;AT;48.0333;16.3167;;;;;;;;;
2012;Wine & Spa Resort Loisium Ehrenhausen;Hallen-/Freibecken  ;109;m³/h;109 m³/h;AT;46.7194;15.5539;;;;;;;;;
2012;Hotel Izvor Arandjelovac;Erweiterung Hotelpool  ;174;m³/h;174 m³/h;SRB;44.62;20.5756;;;;;;;;;
2012;Sonnentherme Lutzmannsburg;Therme - Ausbaustufe III;900;m³/h;900 m³/h;AT;47.4569;16.5117;;;;;;;;;
2012;UKH / Rehabzentrum Wien-Meidling;Therapiebecken ;186;m³/h;186 m³/h;AT;48.1704;16.3258;;;;;;;;;
2012;Warmbad Villach;HB / FB / Wellness  ;1180;m³/h;1180 m³/h;AT;46.6064;13.8383;;;;;;;;;
2012;Therme und Hotel in Stegersbach;Erweiterung Sauna u. Hotelbecken;60/60;m³/h;60/60 m³/h;AT;47.1667;16.1167;;;;;;;;;
2012;Parktherme Bad Radkersburg;Erweiterung Schwimmbadtechnik;160;m³/h;160 m³/h;AT;46.6886;15.9897;;;;;;;;;
2012;Badehaus Millstatt, Millstätter See;FB;68;m³/h;68 m³/h;AT;46.8096;13.5733;;;;;;;;;
2012;Thermenhotel Stoiser Loipersdorf;Erweiterung Hotel Bad  ;49;m³/h;49 m³/h;AT;46.98396;16.10989;;;;;;;;;
2012;Klinikum Theresienhof, Frohnleiten;Therapiebecken ;26;m³/h;26 m³/h;AT;47.3167;15.3167;;;;;;;;;
2012;Avita Exclusiv Bad Tatzmannsdorf;Außen- u. Innenbereich;231;m³/h;231 m³/h;AT;47.3367;16.2367;;;;;;;;;
2012;Grimmingtherme ;Energieoptimierung;;; ;AT;47.5489;13.9331;;;;;;;;;
2012;Kapfenberg;HB Energieoptimierung;;; ;AT;47.4436;15.2894;;;;;;;;;
2012;Avance Hotel, Bad Tatzmannsdorf;Warmsprudelbecken;209;m³/h;209 m³/h;AT;47.3367;16.2367;;;;;;;;;
2012;Hotel Reiterhof, Saalbach;FB – Saugfilter 140 m³/h, Granudos 45+, 2 Whirlpools - Saugfilter 60 m³/h;140;m³/h;140 m³/h;AT;47.3917;12.6361;;;;;;;;;
2012;Hotel Glemmtalerhof Hinterglemm;HB;35;m³/h;35 m³/h;AT;47.3789;12.5967;;;;;;;;;
2012;Otto Wagner Spital - REHA-Zentrum;Therapiebecken 100 m³/h, Erlebnisbecken 68 m³/h;100;m³/h;100 m³/h;AT;48.207;16.28020;;;;;;;;;
2012;Therme Längenfeld Aquadome;Zubau Panorama Whirlpool  ;80;m³/h;80 m³/h;AT;47.0722;10.9675;;;;;;;;;
2012;Kirchäcker Eisenstadt;FB Dachterassenbad;25;m³/h;25 m³/h;AT;47.8456;16.5303;Straße in Eisenstadt angenommen – kein Gebäude spezifiziert;;;;;;;;
2012;Parktherme Bad Radkersburg;Erweiterung Therme  ;160;m³/h;160 m³/h;AT;46.6886;15.9897;;;;;;;;;
2012;Badehaus Millstätter See;FB;68;m³/h;68 m³/h;AT;46.8096;13.5733;;;;;;;;;
2012;Thermenhotel Stoiser  ;Erweiterung Hotel Bad  ;49;m³/h;49 m³/h;AT;47.0;16.0667;;;;;;;;;
2012;Gemeinde Mauerkirchen;FB – Filterkesseltausch  ;550;m³/h;550 m³/h;AT;48.2;13.0667;;;;;;;;;
2012;Sonnentherme Lutzmannsburg;Ausbaustufe III  ;900;m³/h;900 m³/h;AT;47.4569;16.5117;;;;;;;;;
2012;SKA RZ St. Radegund;THB;120;m³/h;120 m³/h;AT;47.1833;15.4833;;;;;;;;;
2012;Gemeinde Rettenegg;HB;81;m³/h;81 m³/h;AT;47.4787;15.7043;;;;;;;;;
2012;Loisium Ehrenhausen;HB;109;m³/h;109 m³/h;AT;46.7194;15.5539;;;;;;;;;
2012;Therme Geinberg Luxussuiten;SPA Innen- u. Außenbecken Thermalwasseraufbereitung 224 m³/h, Massagebecken 336 m³/h;224;m³/h;224 m³/h;AT;48.2564;13.3089;;;;;;;;;
2012;LKH Salzburg Chirurgie West;THB;24;m³/h;24 m³/h;AT;47.8043;13.0306;;;;;;;;;
2012;Therme Stegersbach;Ying-Yang Außenbecken;105;m³/h;105 m³/h;AT;47.1667;16.1167;;;;;;;;;
2012;SKA Bad Gastein ;THB 65 m³/h, HB 48 m³/h;;; ;AT;47.1167;13.1333;;;;;;;;;
2012;Warmbad Villach;FB, HB 5 Wasserkreisläufe  ;1500;m³/h;1500 m³/h;AT;46.6064;13.8383;;;;;;;;;
2013;Hotel Palais Hansen, Schottenring;Neubau Schwimmbadtechnik  ;68;m³/h;68 m³/h;AT;48.2196;16.3698;;;;;;;;;
2013;ARWAG - Stadt des Kindes;Schwimmbadtechnik;78;m³/h;78 m³/h;AT;48.20673651723491;16.213601488540146;;;;;;Hofjägerstrasse 6;1140;Wien;HB
2013;Korneuburg - Florian Berndl Bad  ;HB / FB Schwimmbadtechnik Lehrschwimm- 1232 m³/h u. Kinderbecken Schwimmbecken Halle 105 m³/h, Erholungsbecken Freibad 155 m³/h, Kinderbecken Freibad 585 m³/h, Schwimmbecken Freibad 87 m³/h, Chlorgasanlage 300 m³/h, Solaranlage 8 kg/h, Folienauskleidung 1300 m², 1500 m²;;; ;AT;48.3453;16.3283;;;;;;;;;
2013;Therme Wien – Vamed;Be- u. Entlüftungskolonne für Tank;20;m³;20 m³;AT;48.1475;16.4183;;;;;;;;;
2013;Familypark St. Margarethen;Enthärtungsanlage;;; ;AT;47.8189;16.6047;;;;;;;;;
2013;Gesiba Hadikgasse  ;Sanierung Folierung  ;500;m²;500 m²;AT;48.1937;16.2831;;;;;;;;;
2013;HB Donaustadt  ;Austausch interner Fernwärmeleitun;;; ;AT;48.2514;16.4534;;;;;;;;;
2013;Lindenhofer Amstetten;HB;26;m³/h;26 m³/h;AT;48.116240;14.872160;;;;;;;;;
2013;Neulengbach;Umbau Wärmetauscher;;; ;AT;48.1964;15.8442;;;;;;;;;
2013;VS Sollenau  ;HB Sanierung 90 m³/h, Wasserfläche 143 m²;90;m³/h;90 m³/h;AT;47.8876;16.272;;;;;;;;;
2013;Nowak Mörbisch Planung;Privatbecken Planung;45;m²;45 m²;AT;47.7433;16.6864;Planungsbüro Mörbisch – Adresse nicht verifiziert;;;;;;;;
2013;Friedhöfe Wien;Austausch Steuerung;;; ;AT;48.1527;16.4611;;;;;;;;;
2013;Strobl Panoramahof;Planung Hotelbecken;;; ;AT;47.7189;13.4794;;;;;;;;;
2013;NUA Purgstall-Nord;Kunststoff-Rundbehälter, Verrohrung;;; ;AT;48.0494;15.0425;;;;;;;;;
2013;Dr. Pachleitner, Graz;Schwimmbadtechnik Privatbad;35;m³/h;35 m³/h;AT;47.0707;15.4395;;;;;;;;;
2013;Hapimag Gerlitzen;HB Badewasseranlage Sanierung;52;m³/h;52 m³/h;AT;46.6794;13.9133;;;;;;;;;
2013;Hotel Erzherzog Johann, Bad Aussee;HB / FB;56;m³/h;56 m³/h;AT;47.6117;13.7825;;;;;;;;;
2013;Therme Nova Köflach  ;Energieoptimierung Thermalbad;;; ;AT;47.0694;15.0922;;;;;;;;;
2013;SKA St. Radegund;Badewasseranlage Therapie- und Tretbecken;120;m³/h;120 m³/h;AT;47.1833;15.4833;;;;;;;;;
2013;Thalia neu, Graz;Innenpool  ;42;m³/h;42 m³/h;AT;47.0692;15.4427;John Harris Fitness Thalia Graz angenommen;;;;;;;;
2013;Narzissenbad Bad Aussee;HB / FB Warmsprudel Solebecken;409;m³/h;409 m³/h;AT;47.6119;13.7908;;;;;;;;;
2013;Hotel Werzer-Wallerwirt, Pörtschach;Hotel Bad;45;m³/h;45 m³/h;AT;46.6347;14.1383;;;;;;;;;
2013;Dorfhotel Fasching Fischbach;FB;25;m³/h;25 m³/h;AT;47.4664;15.6503;;;;;;;;;
2013;Schloßhotel Velden;Umbau SPA  ;77;m³/h;77 m³/h;AT;46.6111;14.0489;;;;;;;;;
2013;SKA RZ Bad Tatzmannsdorf;THB;;; ;AT;47.3367;16.2367;;;;;;;;;
2013;Hotel Erzherzog Johann, Bad Aussee;HB / FB ;56;m³/h;56 m³/h;AT;47.6117;13.7825;;;;;;;;;
2013;Bogner Chalets Priesteregg, Leogang;FB Granudos  ;30;m³/h;30 m³/h;AT;47.4283;12.7992;;;;;;;;;
2013;Hotel Avita Exklusiv, Bad Tatzmannsdorf;Außen- u. Innenbereich  ;231;m³/h;231 m³/h;AT;47.3367;16.2367;;;;;;;;;
2013;Sonnwendviertel Wien;HB Dachterrassenbad  ;45;m³/h;45 m³/h;AT;48.1777;16.3846;;;;;;;;;
2013;Rehabilitationszentrum Kitzbühel;THB Kneippbecken, Kneippgang kalt;63;m³/h;63 m³/h;AT;47.4467;12.3922;;;;;;;;;
2013;Versicherungsanstalt für Eisenbahn u. Bergbau Bad Schallerbach;THB;90;m³/h;90 m³/h;AT;48.2333;13.8167;;;;;;;;;
2013;Hallenbad Schweizertalstrasse;unterirdische Schwimmhalle;25;m³/h;25 m³/h;AT;48.1792;16.2692;;;;;;;;;
2013;Hallenbad Lindenhofer Amstetten;Badewasseraufbereitung;26;m³/h;26 m³/h;AT;48.1213;14.8728;;;;;;;;;
2013;Hallenbad Neulengbach;Sanierung Badewasseraufbereitung 239 m³/h, Neubau Wasserrutsche, Wasserfläche 276 m²;;; ;AT;48.1964;15.8442;;;;;;;;;
2013;GKK Graz Physio;Sanierung Badewasseranlage Wasserfläche 61 m³/h, 31 m²;61;m³/h;61 m³/h;AT;47.0707;15.4395;;;;;;;;;
2014;Cofely Austria Center;Sanierung Rohrleitungen;;; ;AT;48.234589;16.415033;Austria Center Vienna Umgebung angenommen – keine Adresse bekannt;;;;;;;;
2014;Freibad Neutal  ;Neubau Badewasseraufbereitung 475 m³/h, Sanierung Technikraum, Rutsche und Wasserspielplatz 620 m², Foliensanierung, Sanierung Sprungbecken 158 m²;475;m³/h;475 m³/h;AT;47.6133;16.4364;;;;;;;;;
2014;Wohnpark Alt Erlaa;Foliensanierung;500;m²;500 m²;AT;48.1425;16.3128;;;;;;;;;
2014;Wohnpark Berzeliusgasse;Foliensanierung ;230;m²;230 m²;AT;48.278315215560646;16.412949184767623;;;;;;Berzeliusgasse 14 / Stg. 53;1210;Wien;WHA Heinz Nittel Hof
2014;Carabelligasse ;Filtersanierung;90;m³/h;90 m³/h;AT;48.2236;16.4034;;;;;;;;;
2014;Schafbergbad;Beckenfolierung;250;m²;250 m²;AT;48.2283;16.3125;;;;;;;;;
2014;Hotel Therme Nova Köflach;Energieoptimierung;;; ;AT;47.0694;15.0922;;;;;;;;;
2014;Hallenbad Parkcottage St. Wolfgang;Neubau Badewasseraufbereitung;47;m³/h;47 m³/h;AT;47.7402;13.4467;;;;;;;;;
2014;SKA RZ Gröbming;Neubau Badewasseraufbereitung;178;m³/h;178 m³/h;AT;47.45;13.9333;;;;;;;;;
2014;SKA RZ Bad Aussee;Badewasseraufbereitung, Granulatdosierung 10 S4  ;160;m³/h;160 m³/h;AT;47.6119;13.7908;;;;;;;;;
2014;Eurothermen Resort, Bad Schallerbach – Aquapulco;Sanierung Ozonanlage;390;m³/h;390 m³/h;AT;48.2333;13.8167;;;;;;;;;
2014;Hallenbad Parkcottage St. Wolfgang;Neubau Badewasseraufbereitung;47;m³/h;47 m³/h;AT;47.7402;13.4467;;;;;;;;;
2014;Hallenbad Hotel Vollererhof, Puch bei Hallein;Neubau Badewasseraufbereitung, Gegenstromschwimmanlage, Edelstahlbecken;50;m³/h;50 m³/h;AT;47.683;13.1074;;;;;;;;;
2014;Rogner Therme Bad Blumau;Neubau Badewasseraufbereitung;275;m³/h;275 m³/h;AT;47.0786;16.0333;;;;;;;;;
2014;Hallenbad Medizinisches Zentrum Bad Vigaun;Neubau Badewasseraufbereitung;110;m³/h;110 m³/h;AT;47.6253;13.1264;;;;;;;;;
2014;Alpine Star 22;Neubau Badewasseraufbereitung;120;m³/h;120 m³/h;AT;48.2078;16.3992;;;;;;;;;
2014;Freibad Ragnitzbad;Neubau Badewasseraufbereitung 232 m³/h, Mehrzweckbecken (SB 83 m², NSB 399 m²), Kinderbecken 14 m²;;; ;AT;47.0833;15.4833;;;;;;;;;
2014;Erlebnisbad Puch;Neubau Solaranlage;;; ;AT;47.6833;13.1;;;;;;;;;
2014;Hallenbad Red Bull Nachwuchsakademie;Neubau Badewasseraufbereitung, Edelstahlbecken  ;120;m³/h;120 m³/h;AT;47.84292;13.00644;;;;;;;;;
2014;Therme Amadeé;Neubau Badewasseraufbereitung, Trichterrutsche  ;100;m³/h;100 m³/h;AT;47.3431;13.4617;;;;;;;;;
2014;Klosterneuburg Happyland;Neubau Badewasseraufbereitung  ;1130;m³/h;1130 m³/h;AT;48.3108;16.3261;;;;;;;;;
2014;Porr Aspern J9;Neubau Badewasseraufbereitung, Edelstahlbecken 79 m³/h, Solaranlage 157 m², 120 m²;;; ;AT;48.2404;16.4825;;;;;;;;;
2014;Gerstl Seestadt Aspern J2;Neubau Badewasseraufbereitung;49;m³/h;49 m³/h;AT;48.2361;16.5033;;;;;;;;;
2014;Swarovski Wattens;Neubau Black Pond Zierteich 80 m³/h, Wasserfläche 1600 m²;80;m³/h;80 m³/h;AT;47.2947;11.6067;;;;;;;;;
2014;Eurotherme Bad Schallerbach;Neubau Badewasseraufbereitung ;48;m³/h;48 m³/h;AT;48.2333;13.8167;;;;;;;;;
2014;SKA RZ Saalfelden;Neubau Badewasseraufbereitung;191;m³/h;191 m³/h;AT;47.4264;12.8433;;;;;;;;;
2015;Freibad St. Georgen an der Gusen;Neubau Badewasseraufbereitung, mit Sprungbecken;630;m³/h;630 m³/h;AT;48.2644;14.4661;;;;;;;;;
2015;Freibad Kremsmünster ;Sanierung Mess-und Regelung, Sanierung Chlordosierpumpen;;; ;AT;48.0533;14.1233;;;;;;;;;
2015;Trainingszentrum Leipzig Red Bull Betriebsanl. GmbH;Neubau Badewasseraufbereitung ;166;m³/h;166 m³/h;DE;51.3951;12.4064;;;;;;;;;
2015;Freibad Hargelsberg ;Sanierung Chlorgasdosieranlage;;; ;AT;48.14793664104472;14.419989591372577;;;;;;;;;
2015;Rehakliniken Johannesbad, Bad Füssing;Sanierung gesamte Schaltanlagen Bad 2, Filtersanierung, Sanierung 2x Salzsäuredosierung 3000 l;;; ;DE;48.3562;13.312;;;;;;;;;
2015;Freibad Oggau ;Badewasseraufbereitung, Sanierung der Wasserrutsche, Solaranlage;711;m³/h;711 m³/h;AT;47.8414;16.6631;;;;;;;;;
2015;Aspern Seestadt D4;Neubau Badewasseraufbereitung Edelstahlbecken;115;m³/h;115 m³/h;AT;48.2260;16.5061;;;;;;;;;
2015;Meidlinger Platz MA34;Neubau Brunnenanlage;35;m³/h;35 m³/h;AT;48.18;16.3347;;;;;;;;;
2015;Freibad GESIBA Heinz Nittel Hof;Filtersanierung;;; ;AT;48.2783;16.4158;;;;;;;;;
2015;Sozialbau Maygasse;Sanierung Badewasseraufbereitung  ;62;m³/h;62 m³/h;AT;48.1775;16.3239;;;;;;;;;
2015;Hallenbad Kapfenberg Sportzentrum  ;Sanierung Badewasseraufbereitung;125;m³/h;125 m³/h;AT;47.4452;15.2917;;;;;;;;;
2015;Eurothermen Resort, Bad Hall;Neubau Badewasseraufbereitung 15 m³/h, Desinfektion Nebeldüsen;;; ;AT;48.0386;14.2106;;;;;;;;;
2015;Eurothermen Resort, Bad Schallerbach  ;Neubau Relaxium, Kneippgang warm und kalt 5 m³/h, Whirlpool 30 m³/h;;; ;AT;48.2333;13.8167;;;;;;;;;
2015;Hallenbad Freizeitzentrum Axams;Sanierung Badewasseraufbereitung;65;m³/h;65 m³/h;AT;47.2356;11.2828;;;;;;;;;
2015;Alpenbad Mautern;Neubau Badewasseraufbereitung, inkl. Langrutsche    ;275;m³/h;275 m³/h;AT;47.4078;15.0044;;;;;;;;;
2015;Heiltherme Bad Waltersdorf;Neubau Badewasseraufbereitung;;; ;AT;47.1664;16.0336;;;;;;;;;
2015;Kinderwasserwelt Reiters Reserve;Neubau Spielpark Innen, Spielbach Außen;48;m³/h;48 m³/h;AT;47.3192;16.2028;;;;;;;;;
2015;Thermenhotel Stoiser;Sanierung Whirlpool  ;18;m³/h;18 m³/h;AT;47.0;16.0667;;;;;;;;;
2015;Kurzentrum Bad Hofgastein;Attraktionseinrichtungen für Dombeckenanlage;93;m³/h;93 m³/h;AT;47.1694;13.1036;;;;;;;;;
2015;Hallenbad NMS Stallhofen;Neubau Badewasseraufbereitung;45;m³/h;45 m³/h;AT;47.0489;15.2017;;;;;;;;;
2015;Teesdorf – Wien Süd;Neubau Badewasseraufbereitung Edelstahlbecken;122;m³/h;122 m³/h;AT;47.9643;16.3299;;;;;;;;;
2015;Alt Erlaa Wohnhaus;Filtersanierung 120 m³/h, Foliensanierung 250 m²;;; ;AT;48.1425;16.3128;;;;;;;;;
2015;SVT onkolog. REHAB, St. Veit im Pongau ;THB;49;m³/h;49 m³/h;AT;47.3939;13.1367;;;;;;;;;
2015;TZ Rosalienhof, Bad Tatzmannsdorf;Neubau Badewasseraufbereitung 41 m³/h, Aufbereitungsverfahren Flockung Filtration Ozon Oxidationsstufe im Vollstrom 70 gr/h;;; ;AT;47.3336;16.2333;;;;;;;;;
2015;Hallenbad Medizinisches Zentrum Bad Vigaun;Neubau Badewasseraufbereitung;110;m³/h;110 m³/h;AT;47.6253;13.1264;;;;;;;;;
2015;Hallenbad PCC Hotel Marriott ;Neubau Fliesenbecken;55;m³/h;55 m³/h;AT;48.1989;16.4131;;;;;;;;;
2016;Freibad Aschbach;Sanierung Kinderbecken ;22;m³/h;22 m³/h;AT;48.1008;15.0067;;;;;;;;;
2016;Freibad Club Pinguin;Granudos Messung u. Dosierung;;; ;AT;48.2625;16.4242;;;;;;;;;
2016;Freibad Austria Trend Hotel;Folienauskleidung  ;235;m²;235 m²;AT;48.1903;16.3758;;;;;;;;;
2016;Freibad Brunn am Gebirge;Sanierung Badewasseraufbereitung 45 m³/h und Beckenfolierung 106 m²;;; ;AT;48.1131;16.2878;;;;;;;;;
2016;Hotel Winterbauer, Flachau;Neubau Filteranlage  ;35;m³/h;35 m³/h;AT;47.3567;13.3906;;;;;;;;;
2016;Hotel Schlosspark Mesonic, Mauerbach;Neuabu, Badewasseraufbereitung;95;m³/h;95 m³/h;AT;48.2347;16.1597;;;;;;;;;
2016;Hotel Der Steirerhof, Bad Waltersdorf;Neubau Badewasseraufbereitung;150;m³/h;150 m³/h;AT;47.165;16.0283;;;;;;;;;
2016;Dr. Fabjan;Neubau Badewasseraufbereitung Massagebecken;15;m³/h;15 m³/h;AT;47.26708;11.39005;Klinik Dr. Fabjan in Portorož (SLO) angenommen – nichts in Österreich auffindbar;;;;;;;;
2016;Gipfelbad Riesneralm Bergbahnen;Neubau Badewasseraufbereitung;16;m³/h;16 m³/h;AT;47.385;13.4514;;;;;;;;;
2016;Hallenbad Sonnenhang Schladming;Neubau Badewasseraufbereitung;16;m³/h;16 m³/h;AT;47.3936;13.6933;;;;;;;;;
2016;Hotel Weinlandhof Gamlitz;Neubau Badewasseraufbereitung ;44;m³/h;44 m³/h;AT;46.7206;15.5903;;;;;;;;;
2016;Gartenhotel Linde;Neubau Badewasseraufbereitung;37;m³/h;37 m³/h;AT;47.0725;10.5986;;;;;;;;;
2016;Kaunertal Quellalpin;Sanierung Badewasseraufbereitung;347;m³/h;347 m³/h;AT;47.0289;10.7228;;;;;;;;;
2016;Hotel Lacknerhof / Flachau;Neubau Badewasseraufbereitung 261 m³/h, Free Style Rutsche, Triple Slide Rutsche, Magic Tube Rutsche;;; ;AT;47.3428;13.3931;;;;;;;;;
2016;Neufeldersee;Sanierung Drucksteigerungsanlage für Wasserrutsche;60;m³/h;60 m³/h;AT;47.8494;16.4842;;;;;;;;;
2016;Freibad Puchberg;Neubau Solaranlage;475;m²;475 m²;AT;47.7997;15.9203;;;;;;;;;
2016;Eurothermen Resort Bad Schallerbach ;Neubau Rutschentechnik ;150-250;m³/h;150-250 m³/h;AT ;48.2333;13.8167;;;;;;;;;
2016;SVA Wirtschaft HerzReha;Neubau Edelstahlbecken ;105;m³/h;105 m³/h;AT;48.1725;16.3108;;;;;;;;;
2016;Berndorf Centrelax;Neubau Wasserspielgarten mit 9 Attraktionen;15;m³/h;15 m³/h;AT;47.9544;15.9536;;;;;;;;;
2016;Donaustadt ;Neubau PV Anlage 25 kWp, Solaranlage 1050 m²;25;kWp;25 kWp;AT;48.2427645517301;16.443209410853505;;;;;;Portnergasse 38;1220;Wien;HB+SB
2016;Sonnentherme Lutzmannsburg;Sanierung Rutschenversorgungseinrichtungen, Filterdesinfektionsanlage;60;m³/h;60 m³/h;AT;47.4569;16.5117;;;;;;;;;
2016;Campus Baden ;Neubau Badewasseraufbereitung Edelstahlbecken;70;m³/h;70 m³/h;AT;48.0069;16.2308;;;;;;;;;
2016;Johannesbad Klinik Furth im Wald GmbH & Co KG;Sanierung Filterbehälter;71;m³/h;71 m³/h;DE;49.3108;12.8414;;;;;;;;;
2016;Hotel Annelies;Neubau Badewasseraufbereitung 32 m³/h, Infinity Pool 20 m²;32;m³/h;32 m³/h;AT;47.4289;13.8264;;;;;;;;;
2016;Hotel Lindenhof;Neubau Badewasseraufbereitung;24;m³/h;24 m³/h;AT;47.1658;16.0153;;;;;;;;;
2016;Reisseck;Sanierung Badewasseraufbereitung ;210;m³/h;210 m³/h;AT;47.0114;13.3767;;;;;;;;;
2016;Telfs;Neubau Badewasseraufbereitung 488 m³/h, Großraumrutsche 90 m³/h;488;m³/h;488 m³/h;;47.3094;11.0669;;;;;;;;;
2016;Hallenbad und Freibad Telfs;Neubau Badewasseraufbereitung;310;m³/h;310 m³/h;AT;47.3075;11.0667;;;;;;;;;
2017;Therme St. Kathrein Bad Kleinkirchheim;Neubau Badewasseraufbereitung 800 m³/h, Halle 1: Neubau u. Rutschenanlage, Halle 2: Sanierung und Adaptierung Bestandstechnik;;; ;AT;46.8117;13.7917;;;;;;;;;
2017;Erlebnisbad Schladming;Neubau Badewasseraufbereitung;28;m³/h;28 m³/h;AT;47.3925;13.6856;;;;;;;;;
2017;Freibad Wien Süd Lastenstrasse;Neubau Badewasseraufbereitung, Edelstahlbecken;60;m³/h;60 m³/h;AT;48.1645;16.3328;;;;;;;;;
2017;Freibad Pfarrwiesengasse;Neubau Badewasseraufbereitung, Edelstahlbecken;35;m³/h;35 m³/h;AT;48.1778;16.3103;;;;;;;;;
2017;Freibad Altmannsdorferstrasse;Neubau Badewasseraufbereitung 135 m³/h, Edelstahlbecken 200 m²;;; ;AT;48.1747;16.3092;;;;;;;;;
2017;Freibad Breitenfurterstrasse;Neubau Badewasseraufbereitung, Edelstahlbecken;26;m³/h;26 m³/h;AT;48.2411;16.3619;;;;;;;;;
2017;MA34 Meiselstrasse;Neubau Springbrunnenanlage;20;m³/h;20 m³/h;AT;48.197888888151475;16.32097736667385;;;;;;Leopold Mistinger Platz / Meiselstrasse;1150;Wien;Wasserspielanlage
2017;Heinz Nittel Hof Bad 5;Filtersanierung 120 m³/h, Foliensanierung 250 m²;;; ;AT;48.1847;16.3572;;;;;;;;;
2017;Hauptplatz Wr. Neustadt;Neubau Brunnenanlage;30;m³/h;30 m³/h;AT;47.8156;16.2428;;;;;;;;;
2017;Hallenbad Vitalhotel Bad Birnbach;Sanierung Filteranlage Schaltschranktechnik;126;m³/h;126 m³/h;AT;48.4394;13.0933;;;;;;;;;
2017;Alpenbad Mautern;Neubau Badewasseraufbereitung ;343;m³/h;343 m³/h;AT;47.4078;15.0044;;;;;;;;;
2017;Hallenbad und Freibad Döbling;Sanierung Badewasseraufbereitung ;855;m³/h;855 m³/h;AT;48.2486;16.3522;;;;;;;;;
2017;Wohnhausanlage Lössweg;Fliesenbecken, HKLS / Elektrotechnik;30;m³/h;30 m³/h;AT;48.26047302718999;16.447475410854242;;;;;;Lössweg 3;1220;Wien;WHA
2017;Freibad Mattersburg;Wasserspielgarten 4 Attraktionen, Montage Wärmepumpe;15;m³/h;15 m³/h;AT;47.7333;16.4;;;;;;;;;
2017;Schlossbad Pitten;Solarabsorber, Wärmetauscher zur Systemtrennung Druckerhöhungspumpen;390;m²;390 m²;AT;47.7192;16.1428;;;;;;;;;
2017;Freibad Brunn am Gebirge;Folienauskleidung;85;m²;85 m²;AT;48.1131;16.2878;;;;;;;;;
2017;Freibad Gloggnitz;Foliensanierung ;705;m²;705 m²;AT;47.6792;15.9314;;;;;;;;;
2017;Sportzentrum Gstaad;Sanierung und Neubau Badewasseraufbereitung 506 m³/ h, Landebecken u. Röhrenrutsche 60 m³/ h;506;m³/ h;506 m³/ h;CH;46.4703;7.285;;;;;;;;;
2017;Freibad Altheim;Sanierung Badewasseraufbereitung;470;m³/h;470 m³/h;AT;48.2533;13.4044;;;;;;;;;
2017;Freibad Selzthal;Sanierung Solaranlage mit Wärmetauscher, Pumpe u. Verrohrung;;; ;AT;47.5375;14.2858;;;;;;;;;
2017;Hallenbad und Freibad Hollabrunn;Foliensanierung;1087;m²;1087 m²;AT;48.5508;16.0819;;;;;;;;;
2017;Freibad Aschbach ;Neubau Badewasseraufbereitung;252;m³/h;252 m³/h;AT;48.1008;15.0067;;;;;;;;;
2017;Freibad Andorf;Neubau Badewasseraufbereitung ;561;m³/h;561 m³/h;;48.35;13.6167;;;;;;;;;
2017;Freibad Bad Sauerbrunn;Foliensanierung ;33;m²;33 m²;AT;47.7603;16.3197;;;;;;;;;
2017;Gartenbad Reinach;Neubau Badewasseraufbereitung;1400;m³/h;1400 m³/h;CH;47.4897;7.5897;;;;;;;;;
2017;Freibad Waidring;Sanierung Beckenhydraulik, Baukörper und Folienauskleidung;170;m³/h;170 m³/h;AT;47.5828;12.5697;;;;;;;;;
2017;Freibad Einsiedlerpark;Neubau Badewasseraufbereitung;75;m²;75 m²;AT;48.1744;16.3528;;;;;;;;;
2017;OÖ GKK Vöcklabruck;Neubau Badewasseraufbereitung;399;m³/h;399 m³/h;AT;48.0069;13.6525;;;;;;;;;
2017;Hotel Mohr Life Resort GmbH & Co KG;Neubau Badewasseraufbereitung Badehaus 105 m³/h, Filteranlagen, Dosieranlagen, MSR Anlagen, Verrohrungen 189 m²;;; ;AT;47.3842;10.9025;;;;;;;;;
2017;Therme Geinberg;Filtersanierung;100;m³/h;100 m³/h;AT;48.2569;13.3244;;;;;;;;;
2017;Johannesbad Bad Füssing;Pumpensanierung auf IE5 Motoren;2000;m³/h;2000 m³/h;DE;48.3562;13.312;;;;;;;;;
2017;John Harris 1010 Wien;Sanierung Badewasseraufbereitung, Foliensanierung;50;m³/h;50 m³/h;AT;48.2077;16.3736;;;;;;;;;
2017;Freibad Pressbaum ;Neubau Badewasseraufbereitung, Edelstahlbecken, Wasserrutsche Wärmepumpe;315;m³/h;315 m³/h;AT;48.1986;16.0333;;;;;;;;;
2017;Strandbad Baden;Sanierung der Verrohrungen, Armaturen u. Umwälzpumpen;1.340;m³/h;1340 m³/h;AT;48.0058;16.2275;;;;;;;;;
2017;Sonnenth. Lutzmannsburg;Duozon Dosieranlage;40;m³/h;40 m³/h;AT;47.4569;16.5117;;;;;;;;;
2017;Alpenbad Schrempf;Sanierung Folienauskleidung;;; ;AT;47.5575;13.9419;;;;;;;;;
2017;Mosaik;Sanierung Filteranlage;41;m³/h;41 m³/h;AT;47.0707;15.4395;;;;;;;;;
2017;Freibad Kapfenberg;Sanierung Beckenverrohrung ;;; ;AT;47.4452;15.2917;;;;;;;;;
2017;Aqua City St. Pölten;Sanierung Badewasseraufbereitung 325 m³/h Wasserfläche 617 m², Energiecontracting, Neubau und Sanierung 221 m³/h, Badewasseraufbereitung, Adaptierung Lüftung Sauna Folienauskleidung 14.600 m³/h, Sanierung Heizung Sanitär 19 m³/h, E-Installation, Sanierung Brandschotte;;; ;AT;48.2031;15.6197;Kontrolle korrekte Zuteilung technische Daten ;;;;;Schießstattring 15;3100;St. Pölten;
2018;Wiener Neustadt Wiener Strasse;Neubau Springbrunnenanlage;30;m³/h;30 m³/h;AT;47.8156;16.2428;;;;;;;;;
2018;Hein Nittel Hof Bad 2;Filtersanierung DB2;150;m³/h;150 m³/h;AT;48.27825211529718;16.422974210855003;;;;;;Ruthnergasse 91 / Stg. 13 ;1210;Wien;WHA Heinz Nittel Hof
2018;Schwadorf NMS;Sanierung Badewasseraufbereitung Folienbecken 120 m³/h, Flüssigdosierung 200 m²;120;m³/h;120 m³/h;AT;48.0661;16.5744;;;;;;;;;
2018;Freibad Oberwang;Neubau Badewasseraufbereitung, Badewasserdesinfektion Chlorgranulatanlage, Breitrutsche, Spieloase, Wasserigel, Kleinkinderrutsche, Förderstromreduzierung;230;m³/h;230 m³/h;AT;47.8947;13.4281;;;;;;;;;
2018;Bruck/Leitha Parkbad;Sanierung Anlagenbau und Filter ;345;m³/h;345 m³/h;AT;48.0167;16.7833;;;;;;;;;
2018;Hotel Tauernhof, Flachau;Neubau Dachpool mit Infinityrinne Unterwasserscheinwerfer;42;m²;42 m²;AT;47.3428;13.3947;;;;;;;;;
2018;Römerbad Bad Kleinkirchheim;Sanierung Badewasseraufbereitung und HKLS Anlagen;561;m³/h;561 m³/h;AT;46.812;13.7931;;;;;;;;;
2018;Hallenbad Aqua Nova;Neubau Rutsche 100 m, Attraktivierung Kinderbereich Beamerwand 808 m³/h;100;m ;100 m ;AT;47.8211;16.2394;;;;;;;;;
2018;Kindererlebniswelt Zugspitz Resort, Ehrwald;2 Kinderrutschen 15 m³/h, 2 Bodyracer 412 m³/h, Triple Slide, Dachpool mit Hallen-/ Außenbecken;;; ;AT;47.3967;10.9219;;;;;;;;;
2018;Gesundheitseinrichtung Josefhof;Neubau Badewasseraufbereitung;55;m³/h;55 m³/h;AT;47.1083;15.5095;;;;;;;;;
2018;Alpenbad Schrempf;Sanierung Folienauskleidung;240;m³/h;240 m³/h;AT;47.5575;13.9419;;;;;;;;;
2018;SKA RZ Aflenz;Sanierung Badewasseraufbereitung, HKLS- Heizungs- sowie Sanitärinstallationen ;134;m³/h;134 m³/h;AT;47.5436;15.2425;;;;;;;;;
2018;Freibad Greifensee;Sanierung Badewasseraufbereitung;90;m³/h;90 m³/h;AT;47.3664;8.6828;;;;;;;;;
2018;Freibad Tieschen;Sanierung Badewasseraufbereitung;206;m³/h;206 m³/h;AT;46.7833;15.9;;;;;;;;;
2018;Freibad Sportzentrum Kapfenberg;Sanierung Badewasseraufbereitung;206;m³/h;206 m³/h;AT;47.4452;15.2917;;;;;;;;;
2018;Freibad Anger;Sanierung Badewasseraufbereitung;449;m²;449 m²;AT;47.195;15.5672;;;;;;;;;
2018;Therme Lutzmannsburg;Sanierung Betriebswasserversorgung;;; ;AT;47.4569;16.5117;;;;;;;;;
2018;Freibad Reichenfels;Lieferung Desinfektionsanlage;;; ;AT;46.9386;14.7372;;;;;;;;;
2018;Augartenbad Graz;Teilsanierung Bädertechnik;;; ;AT;47.0692;15.4506;;;;;;;;;
2018;Hotel Feuerberg ;Neubau Badewasseraufbereitung;209;m³/h;209 m³/h;AT;46.68;13.8439;;;;;;;;;
2019;Sagedergasse;Neubau Springbrunnenanlage;15;m³/h;15 m³/h;AT;48.1839;16.3283;;;;;;;;;
2019;Heinz Nittel Hof Bad 3;Foliensanierung;250;m²;250 m²;AT;48.185;16.357;;;;;;;;;
2019;Freibad Braunhubergasse;Neubau Edelstahlbecken;35;m³/h;35 m³/h;AT;48.1825;16.4036;;;;;;;;;
2019;Heinz Nittel Hof Bad 8;Foliensanierung;250;m²;250 m²;AT;48.1848;16.3575;;;;;;;;;
2019;Heinz Nittel Hof Bad 9;Filtersanierung DB6;150;m³/h;150 m³/h;AT;48.1849;16.3578;;;;;;;;;
2019;Brunn am Gebirge;Sanierung Brunnenanlage;10;m³/h;10 m³/h;AT;48.1131;16.2878;;;;;;;;;
2019;Sonderpädagogisches Förderzentrum Hausham;Neubau Badewasseraufbereitung ;30;m³/h;30 m³/h;DE;47.7525;11.8347;;;;;;;;;
2019;Freibad Biotop City;Neubau Edelstahlbecken;30;m³/h;30 m³/h;AT;48.1578;16.3425;;;;;;;;;
2019;Freibad Wien Süd Mellergründe;Neubau Badewasseraufbereitung, Chlorgranulat -Dosierung, Edelstahlbecken ;;; ;AT;48.1561;16.3342;;;;;;;;;
2019;Wohnhausanlage Barawitzkagasse;Neubau PV Anlage 60 m³/h, 40 m²;;; ;AT;48.2542;16.3336;;;;;;;;;
2019;Freibad Brauhausstrasse Schwechat;Neubau Badewasseraufbereitung, Chlorgranulat Dosierung, Edelstahlbecken ;60;m³/h;60 m³/h;AT;48.1458;16.4697;;;;;;;;;
2019;Freibad Triesterstrasse Wien;Neubau Badewasseraufbereitung, Chlorgranulat Dosierung, Edelstahlbecken;60;m³/h;60 m³/h;AT;48.1528;16.3497;;;;;;;;;
2019;Marienhof Mönchhof;Neubau Badewasseraufbereitung Folienbecken, Flüssigdosierung;60;m³/h;60 m³/h;AT;47.8836;16.9319;;;;;;;;;
2019;Erzherzog-Karl-Strasse ;Neubau Badewasseraufbereitung Folienbecken Flüssigdosierung;31,5;m³/h;31,5 m³/h;AT;48.2261;16.4547;;;;;;;;;
2019;Biotope City CC3;Neubau Badewasseraufbereitung Flüssigdosierung;64;m³/h;64 m³/h;AT;48.1578;16.3425;;;;;;;;;
2019;Hotel Almmonte Wagrain;Neubau Badewasseraufbereitung;20;m³/h;20 m³/h;AT;47.3319;13.2972;;;;;;;;;
2019;Kreis-Caritas-Schule Freyung;Neubau Badewasseraufbereitung mit Chlor-Elektrolyse und Hubboden;34;m³/h;34 m³/h;DE;48.8033;13.5486;;;;;;;;;
2019;Vamed Therme Geinberg;Sanierung Badewasseraufbereitung ;239;m³/h;239 m³/h;AT;48.2569;13.3244;;;;;;;;;
2019;JUFA Hotel Mariazell-Sigmundsberg;Sanierung Badewasseraufbereitung;13;m³/h;13 m³/h;AT;47.77;15.3036;;;;;;;;;
2019;Augartenbad Graz;Teilsanierung Badewasseraufbereitung;912;m³/h;912 m³/h;AT;47.0692;15.4506;;;;;;;;;
2019;Freibad Grosshöchstetten;Sanierung Badewasseraufbereitung;491;m³/h;491 m³/h;CH;46.9078;7.6275;;;;;;;;;
2019;Wiener Stadionbad;Neubau Rutschenpumpe und Schaltschrank;100;m³/h;100 m³/h;AT;48.2025;16.4167;;;;;;;;;
2019;Schwimmbad Schattendorf;Sanierung Filteranlage;350;m³/h;350 m³/h;AT;47.7639;16.5042;;;;;;;;;
2019;Therme Laa;Sanierung Kinderbecken;110;m³/h;110 m³/h;AT;48.7164;16.3881;;;;;;;;;
2020;Freibad Mühldorf;Sanierung Badewasseraufbereitung, Wasserspielgarten;107;m³/h;107 m³/h;DE;48.2436;12.5286;;;;;;;;;
2020;EEC Krapfenwaldbad;Neubau Badewasseraufbereitung;532;m³/h;532 m³/h;AT;48.2531;16.3372;;;;;;;;;
2020;EEC Strandbad Alte Donau;Neubau Badewasseraufbereitung;328;m³/h;328 m³/h;AT;48.2411;16.4186;;;;;;;;;
2020;Stadwerke Mühldorf Freibad;Sanierung Badewasseraufbereitung Kinderspielgarten;107;m³/h;107 m³/h;AT;48.2436;12.5286;;;;;;;;;
2020;Johannesbad Hotels Königshof Bad Füssing;Sanierung Badewasseraufbereitung;30;m³/h;30 m³/h;DE;48.3589;13.3092;;;;;;;;;
2020;Freibad Payerbach;Neubau Badewasseraufbereitung, Planung, Lieferung, Montage und Inbetriebnahme ;250;m³/h;250 m³/h;AT;47.6906;15.8692;;;;;;;;;
2020;Hotel Moar Gut, Grossarl;Neubau Badewasseraufbereitung;159;m³/h;159 m³/h;AT;47.2403;13.1886;;;;;;;;;
2020;Eurotherme Bad Schallerbach;Sanierung Teilstrom-Ozonanlage;175;m³/h;175 m³/h;AT;48.2333;13.8167;;;;;;;;;
2020;Therme Geinberg;Badewasseraufbereitung und VA-Kaltwasserbecken ;10;m³/h;10 m³/h;AT;48.2569;13.3244;;;;;;;;;
2020;Schigymnasium Stams;Sanierung Badewasseraufbereitung und Beckenfolierung;73;m³/h;73 m³/h;AT;47.2703;10.9811;;;;;;;;;
2020;Hotel Lürzerhof;Neubau Badewasseraufbereitung, Folienauskleidung Technischer Behälter, Schaltschrank für Warmbecken;46;m³/h;46 m³/h;AT;47.3828;13.4692;;;;;;;;;
2020;Stukitzbad Graz;Sanierung Badewasseraufbereitung;606;m³/h;606 m³/h;AT;47.0964;15.4581;;;;;;;;;
2020;GWT Swiss;Neubau Badewasseraufbereitung Brunnenanlage Seewasserwerk Moos;54;m³/h;54 m³/h;CH;47.3739;8.5383;;;;;;;;;
2020;Stadtgemeinde Kapfenberg Sportzentrum;Sanierung Badewasseraufbereitung und Kinderbecken Halle;;; ;AT;47.4452;15.2917;;;;;;;;;
2020;Gemeinde Birsfelden;Sanierung Badewasseraufbereitung Schwimmhalle;78;m³/h;78 m³/h;CH;47.5539;7.6217;;;;;;;;;
2020;Hallenbad oberes Rheintal - Altstätten;Neubau Badewasseraufbereitung;502;m³/h;502 m³/h;CH;47.3756;9.5403;;;;;;;;;
2020;Residenz Adele;Neubau Badewasseraufbereitung Schwimmbecken;40;m³/h;40 m³/h;AT;47.0681;15.4258;;;;;;;;;
2020;Freibad Aqua Nova Wr. Neustadt;Neubau Badewasseraufbereitung;510;m³/h;510 m³/h;AT;47.8211;16.2394;;;;;;;;;
2020;Leobersdorf Freibad;Neubau Solaranlage;680;m²;680 m²;AT;47.9;16.2167;;;;;;;;;
2020;Familiypark;Neubau Badewasseraufbereitung Wasserspielgarten;27;m³/h;27 m³/h;AT;47.7967;16.6978;;;;;;;;;
2020;Sieveringer Gasse;Sanierung Badewasseraufbereitung, Fliesenbecken und Rutschenpumpe;35;m³/h;35 m³/h;AT;48.2461;16.3336;;;;;;;;;
2020;St. Veit an der Gölsen;Neubau Badewasseraufbereitung ;53;m³/h;53 m³/h;AT;48.0128;15.7164;;;;;;;;;
2020;Händelgasse;Sanierung Folienauskleidung;;; ;AT;48.1847;16.3308;;;;;;;;;
2020;Gürtelfrische West;Neubau Container Badewasseraufbereitung ;30;m³/h;30 m³/h;AT;48.1967;16.3392;;;;;;;;;
2020;Pado Galerien Parndorf;Neubau Brunnen Badewasseraufbereitung;40;m³/h;40 m³/h;AT;47.9969;16.8483;;;;;;;;;
2020;Hallenbad Gänserndorf;Sanierung/Neubau Hallenbad, HKLS und Elektrotechnik;230;m³/h;230 m³/h;AT;48.2967;16.7217;;;;;;;;;
2021;Turn- und Schwimmhalle Birsfelden;Sanierung Badewasseraufbereitung BKP 359;78;m³/h;78 m³/h;CH;47.5542;7.6225;;;;;;;;;
2021;Hallenbad Schulzentrum Deutschfeistritz;Sanierung Badewasseraufbereitung;107;m³/h;107 m³/h;AT;47.1914;15.335;;;;;;;;;
2021;Hallenbad Joahnnes-De-La-Salle-Gasse;Neubau Badewasseraufbereitung, HKLS, Sauna;130;m³/h;130 m³/h;AT;48.1872;16.3214;;;;;;;;;
2021;Laa an der Thaya;Sanierung Anlagenverrohrung;;; ;AT;48.7164;16.3881;;;;;;;;;
2021;Coca Cola;Neubau Badewasseraufbereitung Edelstahlbecken;64;m³/h;64 m³/h;AT;48.16574742702822;16.34991426852120;;;;;;Zelda Kaplan Weg 5;1100;Wien;WHA
2021;Hotel Lürzerhof, Untertauern;Neubau Badewasseraufbereitung;46;m³/h;46 m³/h;AT;47.3828;13.4692;;;;;;;;;
2021;Biotope City – BPL 3 1220 Wien;Neubau Badewasseraufbereitung ;64;m³/h;64 m³/h;AT;48.1578;16.3425;;;;;;;;;
2021;Freibad Mauerkirchen;Sanierung Badewasseraufbereitung;652;m³/h;652 m³/h;AT;48.1761;13.1189;;;;;;;;;
2021;Freibad Schattendorf;Neubau Badewasseraufbereitung ;440;m³/h;440 m³/h;AT;47.7639;16.5042;;;;;;;;;
2021;Seminarhotel Lengbachhof;Neubau Badewasseraufbereitung;24;m³/h;24 m³/h;AT;48.1722;15.9294;;;;;;;;;
2021;Freibad Mureck;Sanierung Badewasseraufbereitung;464;m³/h;464 m³/h;AT;46.7083;15.7983;;;;;;;;;
2021;Gästehaus Hartweger;Neubau Badewasseraufbereitung Hotelbecken;30;m³/h;30 m³/h;AT;47.4017;13.7317;;;;;;;;;
2021;Eis Greissler;Neubau Badewasseraufbereitung Sprayparks/Bachläufe;90;m³/h;90 m³/h;AT;47.5611;16.1711;;;;;;;;;
2021;Bad Radkersburg;Neubau Chemikaliendosieranlagen;;; ;AT;46.6875;15.9917;;;;;;;;;
2021;Romulus;Neubau Badewasseraufbereitung;10;m³/h;10 m³/h;AT;48.1814266248422;16.383504639686400;;;;;;Bloch-Bauer-Promenade 8;1100;Wien;WHA
2021;Naturhotel Euler;Neubau Badewasseraufbereitung;90;m³/h;90 m³/h;DE;47.5578;12.6956;;;;;;;;;
2021;Hotel Liftplatzl;Neubau Badewasseraufbereitung;19;m³/h;19 m³/h;AT;47.0781;13.0983;;;;;;;;;
2021;Sitzenberg;Neubau Badewasseraufbereitung 300 m³/h, Edelstahlbecken 300 m²;300;m³/h;300 m³/h;AT;48.2942;15.775;;;;;;;;;
2021;TrIIIple Türme;Neubau 2x Edelstahlbecken;28 m³/h, 72 m²;;28 m³/h, 72 m² ;AT;48.1908;16.3922;;;;;;;;;
2021;Stadionbad Wien;Neubau Badewasseraufbereitung, HKLS und Elektrotechnik;510;m³/h;510 m³/h;AT;48.2025;16.4167;;;;;;;;;
2021;Hallenbad Adliswil;Sanierung Badewasseraufbereitung;290;m³/h;290 m³/h;CH;47.3194;8.5211;;;;;;;;;
2021;Aenea Hotel;Sanierung Badewasseraufbereitung;;; ;AT;46.6156;14.1697;;;;;;;;;
2021;Hotel Kreuzwirt;Sanierung Kinderbad;;; ;AT;46.6336;13.0817;;;;;;;;;
2021;Bergeralm Hotel Feuerberg;Sanierung Badewasseraufbereitung;;; ;AT;46.68;13.8439;;;;;;;;;
2021;Seevillen Techelsberg;Neubau Badewasseraufbereitung;;; ;AT;46.6464;14.1061;;;;;;;;;
2021;Freizeit Graz Augartenbad;Generalsanierung Badewasseraufbereitung;912;m³/h;912 m³/h;AT;47.0692;15.4506;;;;;;;;;
2021;Freizeit Graz Stukitzbad;Generalsanierung Badewasseraufbereitung;610;m³/h;610 m³/h;AT;47.0964;15.4581;;;;;;;;;
2021;GWT Swiss Schwerzenbach;Neubau Badewasseraufbereitung;;; ;CH;47.3872;8.6564;;;;;;;;;
2022;Hotel Schachner;Neubau Badewasseraufbereitung;56;m³/h;56 m³/h;AT;48.1997;15.3653;;;;;;;;;
2022;Alt Erlaa Wohnpark;Sanierung der Beckenverrohrung von 5 Dachbädern;;; ;AT;48.1542;16.3208;;;;;;;;;
2022;Freibad Altlengbach;Foliensanierung;70;m²;70 m²;AT;48.165;15.8903;;;;;;;;;
2022;Freibad Hotel Das Schmidt;Neubau und Sanierung Badewasseraufbereitung 156 m², Edelstahlbecken 105 m³/h;;; ;AT;47.7958;16.6892;;;;;;;;;
2022;Freibad Schattendorf;Neubau und Sanierung Badewasseraufbereitung inkl. Folienauskleidung 310 m³/h, Schwalldusche 455 m²;;; ;AT;47.7639;16.5042;;;;;;;;;
2022;OptimaMed, Bad Mitterndorf;Sanierung Badewasseraufbereitung 109,5 m³, 164,2 m²;;; ;AT;47.5544;13.8828;;;;;;;;;
2022;Freibad Oggau;Neubau Wasserspielgarten 9 Attrakionen;12;m³;12 m³;AT;47.8272;16.6731;;;;;;;;;
2022;Hotel Balance ;Neubau Badewasseraufbereitung;12;m³/h;12 m³/h;AT;46.6197;14.1797;;;;;;;;;
2022;Kombibad Simmering;Folierung Lehrbecken/Kinderbecken;;; ;AT;48.1653;16.4211;;;;;;;;;
2022;Hallenbad und Freibad Badi Reiden;Neubau und Sanierung Badewasseraufbereitung ;765;m³/h;765 m³/h;CH;47.245;7.9714;;;;;;;;;
2022;Hotel Kristall Leutasch;Neubau Badewasseraufbereitung inkl. Verrohrung, Schaltanlage, MSR, Edelstahlbecken;30;m³/h;30 m³/h;AT;47.3819;11.1636;;;;;;;;;
2022;Schernthaner Touristik Sport und Apartment Kleinarl;Neubau Badewasseraufbereitung;28;m³/h;28 m³/h;AT;47.2667;13.3;;;;;;;;;
2022;Natur Aparthotel Puitalm;Neubau Badewasseraufbereitung;27;m³/h;27 m³/h;AT;47.3769;11.0639;;;;;;;;;
2022;Heinz Nittel Hof Bad 1;Sanierung Filterbehälter;150;m³/h;150 m³/h;AT;48.1847;16.3571;;;;;;;;;
2022;Heinz Nittel Hof Bad 6;Sanierung Folienauskleidung;250;m²;250 m²;AT;48.1849;16.3574;;;;;;;;;
2022;FDO Living GmbH Wien;Neubau Badewasseraufbereitung, Edelstahlbecken;39;m³/h;39 m³/h;AT;48.1786;16.3669;;;;;;;;;
2022;BWA The Ring;Neubau Badewasseraufbereitung, Polypropylenbecken, Errichtung Schaltschrank;18;m³/h;18 m³/h;AT;48.2044;16.3708;;;;;;;;;
2022;Stadt Zürich Immobilien;Neubau Badewasseraufbereitung, Schulschwimmanlage Tannenrauch;110;m³/h;110 m³/h;CH;47.3739;8.5383;;;;;;;;;
2022;V22;Neubau Badewasseraufbereitung;45;m³/h;45 m³/h;AT;48.24370;16.43252;;;;;;;;;
2022;Hugo Wolf Park;Sanierung Badewasseraufbereitung;;; ;AT;48.23971;16.33484;;;;;;;;;
2022;Palaishotel am Stadtpark;Neubau Badewasseraufbereitung, Fliesenbecken;60;m³/h;60 m³/h;AT;48.2053;16.3775;;;;;;;;;
2022;The Marks ;Neubau Badewasseraufbereitung 54m³/h, Edelstahlbecken Schwimmerbecken 103 m², Edelstahl Kinderbecken 8 m²;;; ;AT;48.1883;16.3953;;;;;;;;;
2022;Nordbahnhof;Neubau Badewasseraufbereitung 36 m³/h, Edelstahlbecken 90 m²;;; ;AT;48.2297;16.3897;;;;;;;;;
2022;Rehab Zentrum Stadlau Physikalisches Institut;Sanierung Badewasseraufbereitung, Massageschlauch, Unterwasserlaufband;25;m³/h;25 m³/h;AT;48.2403;16.4681;;;;;;;;;
2022;Brunnen Wöllersdorf-Steinabrückl;Neubau Brunnen inkl. Scheinwerfer, 5 Düsen;11;m³/h;11 m³/h;AT;47.8664;16.1978;;;;;;;;;
2022;Schwimmbad Schibelacher Magden;Sanierung Badewasseraufbereitung;120;m³/h, 242 m²;120 m³/h, 242 m²;CH;47.5242;7.8233;;;;;;;;;
2022;Händelgasse;Sanierung Badewasseraufbereitung;80;m³/h;80 m³/h;AT;48.1847;16.3308;;;;;;;;;
2022;Atzgersdorferstraße;Neubau Badewasseraufbereitung;50;m³/h, 124,74 m³;50 m³/h, 124,74 m³;AT;48.1586;16.3083;;;;;;;;;
2023;Hotel „Nils am See“, Seehaus Weiden;Neubau Badewasseraufbereitung, Edelstahlbecken;43;m³/h;43 m³/h;AT;47.8231;16.9456;;;;;;;;;
2023;Brigittenauerbad;Neubau Badewasseraufbereitung, Folienbecken, Chlorgasdosieranlage, Mobile Beckenabdeckung;210;m³/h, 321 m²;210 m³/h, 321 m²;AT;48.2392;16.3728;;;;;;;;;
2023;Hotel Prägant, Bad Kleinkirchheim;Neubau und Sanierung Schwimmbadtechnik und Badewasseraufbereitung;42;m³/h, 68 m²;42 m³/h, 68 m²;AT;46.812;13.7931;;;;;;;;;
2023;WEG Attemsgasse, vertreten durch Hübl&Partner Immobilien GmBH;Sanierung Wellnessbereich, Sauna + LED, Foliensanierung, Sanierung Decken, Wände, Fliesen, Sanitäranlagen, Neubau Dampfbad;49;m³/h, 94 m²;49 m³/h, 94 m²;AT;48.2369;16.4422;;;;;;;;;
2023;Hotel an der Therme Bad Gleichenberg;Poolanbau – Badewasseraufberietung und VA-Solebecken;19;m³/h;19 m³/h;AT;46.8747;15.9114;;;;;;;;;
2023;Pamhagen Vila Vita;Badewassertechnik;139;m³/h;139 m³/h;AT;47.7967;16.6978;;;;;;;;;
2023;Poolhaus St. Tropez;Schwimmbadtechnik;;; ;F;43.2678;6.64;;;;;;;;;
2023;Gemeindeverwaltung Birmensdorf ;Freibad Geren Badewasseraufbereitung;;; ;CH;47.355;8.4375;;;;;;;;;
2023;Stadt Uster Hallenbad Buchholz;Sanierung HB Buchholz Bädertechnik;;; ;CH;47.3478;8.7206;;;;;;;;;
2023;Heinz Nittel Hof Bad 3;Sanierung Folienauskleidung;250;m²;250 m²;AT;48.27844;16.42124;;;;;;;;;
2023;Freibad Hainfeld;Neubau und Sanierung Badewasseraufbereitung 165m³/h inkl. Verrohrung, Schalt- und Steuerschrank inkl. E-Verkabelung der ges. Anlage, MSR, Chemikalien Dosieranlage, Folienauskleidung eines Funktionsbeckens 25 m²;165;m³/h;165 m³/h;AT;48.0333;15.7667;;;;;;;;;
2023;Therme Wien;Folienauskleidung eines Funktionsbeckens;110;m²;110 m²;AT;48.1433;16.4064;;;;;;;;;
2023;Wiener Sportstätten Betriebsgesellschaft m.b.H., Wiener Praterstadion- Ernst Happel Stadion Sektor B;Sanierung Strandbereich Wellenbecken;530;m²;530 m²;AT;48.204;16.4214;;;;;;;;;
2023;Hohe Warte 13;Neubau Badewasseraufbereitung Edelstahlbecken, Überlauf, Flüssigdosieranlage, LED-Scheinwerfer;60;m²;60 m²;AT;48.2411;16.3572;;;;;;;;;
2024;Thermalstrandbad Baden;Sanierung von 3 Umwälzpumpen (Mineralbecken), E- Verkabelung der Pumpen und Frequenzumformer;757;m³/h, 970,24 m²;757 m³/h, 970,24 m²;AT;48.0069;16.2331;;;;;;;;;
2024;Wien Süd Berresgasse;Neubau Badewasseraufbereitung inkl. Verrohrung, Schalt- und Steuerschrank inkl. E-Verkabelung der ges. Anlage, MSR, Chemikalien Dosieranlage, technische Behälter für Edelstahlbecken;50;m³/h, 120 m²;50 m³/h, 120 m²;AT;48.2292;16.5025;;;;;;;;;
2024;Erlebnisbad Leobersdorf;Sanierung Filter (außen) und Foliensanierung von 2 Ausgleichsbecken: | 66,38 m² || 77,59 m², Wasserfläche: | 28,94 m² || 21,87 m²;;; ;AT;47.9014;16.2208;;;;;;;;;
2024;Brunnen Bad Vöslau;Neubau Zierbrunnen inkl. Scheinwerfer, 8 Düsen, Installation von zwei Trinkbrunnen;17;m³/h;17 m³/h;AT;47.965419122522775;16.21530618385491;;;;;;Schlossplatz 1;2540;Bad Vöslau;
2024;Freibad Hainfeld;Sanierung Folienbecken (Folienfläche), MSR für Kinderbecken, Adaption MSR für Mehrzweckbecken;365;m²;365 m²;AT;48.0333;15.7667;;;;;;;;;
2024;Waldbad Neutal;Automatisierung Filterrückspülung, Ausstattung von pneumatischen Antrieben bei relevanten Klappen, Installation von Kompressor inkl. Ventilblock für Klappensteuerung, Erweiterung Schaltschrank inkl. Umprogrammierung;;; ;;47.54342;16.45533;;;;;;;;;
2024;Stadtbad Amstetten;"Sanierung bzw. Neubau Badeanlage 265 m³/h, 305 m², Sanierung bzw. Adaptierung der Wasserkreisläufe Erlebnisbecken und Sportbecken (innen) 222 m³/h, 375 m², Neubau Kinderbecken innen 67 m³/h, 57 m², Röhrenrutsche 75m inkl. Landebecken, Neubau Außenbereich Erlebnis-, Sprung-, Nichtschwimmer- und Kinderbecken 721 m³/h, 878 m², Neubau Wasserspraypark; Beckenerwärmung mittels Solarmatten 170 m², Folienauskleidung aller Schwimm-, Ausgleichs-, und Pufferbecken (ca. 2616 m²), Neubau Dosiereinrichtungen inkl. Chlorgasanlage für gesamt 1275 m³/h Umwälzleistung";;;;AT;48.0826933583532;14.821895046290466;Kontrolle bei der Zuordnung von den technischen Daten;;;;;Stadionstrasse 6;3300;Amstetten;
2024;Wiener Sportstätten Betriebsgesellschaft m.b.H., Wiener Praterstadion- Ernst Happel Stadion Sektor B;Energieoptimierungen, Austausch der Umwälzpumpen, Umbau auf Erwärmung mittels Wärmepumpen, Filtersanierung und Austausch des Filtermaterial, ,Foliensanierung der Ausgleichs- und Spülwasserbecken, Neu- Programmierung der Steuerung der Anlagen;;; ;AT;48.204;16.4214;;;;;;;;;
2024;Hallenbad Gänserndorf ;"Umbau Saugfilter Kinderbecken, Erweiterung der Filterfläche 2m²; Anpassung der Korngrößenkombination";45;m³/h;45 m³/h;AT;48.2967;16.7217;;;;;;;;;
2024;GESIBA Gemeinnützige Siedlungs- und Bauaktiengesellschaft, Maderspergerstr. 1;Foliensanierung und Optimierung der Beckenhydraulik;190;m²;190 m²;AT;48.1578;16.3817;;;;;;;;;
2024;Grünbau Jakel, Laa an der Thaya;Neubau einer Pumpenanlage für Schwimmteich;;; ;AT;48.7164;16.3881;;;;;;;;;
2024;Therme Wien;Folierung Ausgleichsbecken WKL 4;120;m², 169 m²;120 m², 169 m²;AT;48.1433;16.4064;;;;;;;;;
2024;MG Schattendorf;Sport- / und Kinderspielplatz, Rutschentürme, Schaukeln, Sprungeräte, Sandspielhäuser, Calisthenicparkour, Beachvolleyballanlage, Multisportanlage;;; ;AT;47.7639;16.5042;;;;;;;;;
2024;Waidhofen an der Thaya;BWA, Edelstahlbecken, Trockenbau, PV-Anlage, HKLS, EMSR ;215,3;m²;215,3 m²;AT;48.8167;15.2833;;;;;;;;;
2024;Hotel Knappenhof;Neubau Badewasseraufbereitung, Folienbecken;25;m³/h, 56 m²;25 m³/h, 56 m²;AT;47.7653;15.8236;;;;;;;;;
2024;Stadt Frauenfeld;Hallenbad Frauenfeld Bädertechnik;;; ;CH;47.5592;8.8984;;;;;;;;;
2024;Freibad Eichbüel Oetwil;Bädertechnik;;; ;CH;47.3525;8.4044;;;;;;;;;
2024;Freibad Kapfenberg;Sanierung Badewasseraufbereitung Sport- und Erlebnisbecken;805;m³/h;805 m³/h;AT;47.4452;15.2917;;;;;;;;;
2024;Margaretenbad Graz;Badewasseraufbereitung Mehrzweckbecken 367 m³/h und Kinderbecken 27 m³/h;;; ;AT;47.0664;15.4319;;;;;;;;;
2024;Therapiebad Rosenhain Graz;Bädertechnik;33;m³/h;33 m³/h;AT;47.0758;15.4511;;;;;;;;;
2024;Gemeinde Tujetsch Wellness und Erlebnisbad Bogn Sedrun;Sanierung und Erweiterung Bogn Sedrun Bädertechnik;;; ;CH;46.6806;8.7692;;;;;;;;;
2024;Hallenbad Ebersberg;Neubau Badewasseraufbereitung für ein Variobecken und Kursschwimmbecken;183;m³/h;183 m³/h;DE;48.0781;11.9678;;;;;;;;;
2024;Hotel Bruckwirt;Neubau Badewasseraufbereitung inkl. Verrohrung, Schalt- und Steuerschrank, MSR, Chemikalien Dosieranlage;23;m³/h;23 m³/h;DE;48.2608;14.2894;;;;;;;;;
2024;Hotel Bergergut;Neubau Badewasseraufbereitung inkl. Verrohrung, Schalt- und Steuerschrank, MSR, Chemikalien Dosieranlage;106;m³/h;106 m³/h;AT;48.57;14.055;;;;;;;;;
2024;Golfhotel Bad Tatzmannsdorf;Neubau Badewasseraufbereitung inkl. Verrohrung, Schalt- und Steuerschrank, MSR, Chemikalien Dosieranlage;32;m³/h;32 m³/h;AT;47.3375;16.2603;;;;;;;;;
2024;SAP Garden München;Neubau Badewasseraufbereitung für Whirlpool und Kalttauchbecken inkl. Verrohrung, Schalt- und Steuerschrank, MSR, Chemikalien Dosieranlage;46;m³/h;46 m³/h;DE;48.1733;11.5483;;;;;;;;;
2024;Hotel Freigold;Neubau Badewasseraufbereitung für ein Schwimmerbecken inkl. Verrohrung, Schalt- und Steuerschrank, MSR, Chemikalien Dosieranlage;74;m³/h;74 m³/h;AT;48.5083;14.9794;;;;;;;;;
2024;Grimmingtherme;Bau einer Wärmerückgewinnungsanlage für 4 Wasserkreisläufe samt PP-Spülwassertank, Verrohrung, Schalt- und Anlagensteuerung;36;m³;36 m³;AT;47.5464;14.0606;;;;;;;;;
2024;Hotel Das Mühlbach;Neubau Badewasseraufbereitung für ein Schwimmerbecken, ein Warmbecken, sowie 6 Stk. Whirlpools inkl. Verrohrung, Schalt- und Steuerschrank, MSR, Chemikalien Dosieranlage;156;m³/h;156 m³/h;DE;48.3236;13.9733;;;;;;;;;
2025;Freizeitzentrum Perchtoldsdorf;Sanierung Rutschenanschluss;;; ;AT;48.12;16.2656;;;;;;;;;
